297,32:80:9A:8B:E5:F1,2022-04-05 04:46:18,1275036,11111111,41798379633,10,-91,10,0,0,20,0,0,PSK,CCMP
297,EA:48:B8:C2:6F:BC,2022-04-05 04:46:18,1275036,x20Free_Wi-Fi,3806851836,11,-59,11,0,,20,,,,
320,04:95:E6:9E:80:78,2022-04-07 10:12:19,1298899,L.S.C,43136848531,10,-72,10,0,,20,,,PSK,CCMP
320,04:95:E6:A6:50:90,2022-04-07 10:12:19,1298899,Singla,45709517200,2,-83,2,0,,any,,,PSK,CCMP
320,32:84:2F:EB:A5:40,2022-04-07 10:12:19,1298899,Redmi 9A,1276727306001,11,-85,11,0,0,20,0,0,PSK,CCMP
320,34:CE:00:23:5D:00,2022-04-07 10:12:19,1298899,Xiaomi_5CFF,12711629212,1,-84,1,0,,20,,,PSK,TKIP CCMP
320,44:95:3B:2A:38:90,2022-04-07 10:12:19,1298899,GURVEER SINGH,1908360090006,9,-84,9,0,,any,,,PSK,TKIP CCMP
320,50:2B:73:29:56:F1,2022-04-07 10:12:19,1298899,l.s contractor,37991666340,2,-58,2,0,,any,,,PSK,TKIP CCMP
320,98:00:6A:6B:68:62,2022-04-07 10:12:19,1298899,SSID1,1272391520817,3,-73,3,0,,20,,,,
320,9A:00:6A:5B:68:62,2022-04-07 10:12:19,1298899,SSID2,1272391445978,3,-82,3,0,,20,,,,
320,9A:00:6A:6B:68:62,2022-04-07 10:12:19,1298899,ZTE_2.4G_EDPDDa,1272391535746,3,-69,3,0,,20,,,PSK,TKIP CCMP
320,C4:70:0B:D3:9A:0D,2022-04-07 10:12:19,1298899,Tripleplay,1556318687,1,-33,1,0,,20,,,PSK FT/PSK,CCMP
462,12:10:81:EC:CB:40,2022-04-11 04:18:20,1335808,NETPLUS 4G,746086821,8,-78,8,0,,20,,,PSK,CCMP
462,12:10:81:EC:DD:76,2022-04-11 04:18:20,1335808,NETPLUS 4G,3809178029,6,-51,6,0,,20,,,PSK,CCMP
462,20:A6:0C:83:E4:0E,2022-04-11 04:18:20,1335808,Redmi,544256389,1,-76,1,0,,20,,,PSK,CCMP
462,34:E3:80:29:C9:20,2022-04-11 04:18:20,1335808,GNXS-29C920,5961523705,4,-47,4,0,,20,,,PSK,TKIP CCMP
462,3A:9D:92:0D:B7:F7,2022-04-11 04:18:20,1335808,DIRECT-920D37F7,1031137440,1,-64,1,0,,20,,,PSK,CCMP
462,52:57:9C:84:92:00,2022-04-11 04:18:20,1335808,DIRECT-9C-EPSON-841200,681102668,1,-60,1,0,,20,,,PSK,CCMP
462,52:57:9C:86:B3:34,2022-04-11 04:18:20,1335808,DIRECT-9C-EPSON-863334,1094178082,1,-86,1,0,,20,,,PSK,CCMP
462,56:37:BB:A8:BD:C9,2022-04-11 04:18:20,1335808,NETPLUS 4G,2237193664,1,-68,1,0,,20,,,PSK,CCMP
462,56:37:BB:AA:0F:19,2022-04-11 04:18:20,1335808,NETPLUS 4g,703579481,1,-73,1,0,,20,,,PSK,CCMP
462,56:37:BB:C8:BD:C9,2022-04-11 04:18:20,1335808,,2237236346,1,-70,1,0,,20,,,PSK,CCMP
462,56:37:BB:CA:0F:19,2022-04-11 04:18:20,1335808,,703590804,1,-73,1,0,,20,,,PSK,CCMP
462,5E:3A:3D:6B:44:39,2022-04-11 04:18:20,1335808,Garhshanksr,676549774,7,-41,7,0,,20,,,PSK,TKIP CCMP
462,5E:3A:3D:6B:44:51,2022-04-11 04:18:20,1335808,Saurav Sharma,1763563105,9,-41,9,0,,20,,,PSK,TKIP CCMP
462,66:DB:43:AA:EA:AE,2022-04-11 04:18:20,1335808,Moto Exc2xb3 POWER 9859,157947484860,11,-55,11,0,,any,,,PSK,CCMP
462,76:BF:C0:B1:54:2A,2022-04-11 04:18:20,1335808,B1542A-G3010series,1627136322,3,-64,3,0,,20,,,PSK,CCMP
462,92:4A:6B:2B:05:A5,2022-04-11 04:18:20,1335808,vivo Y21,4521165200,4,-73,4,0,0,20,0,0,PSK,CCMP
462,96:E3:EE:26:F1:DC,2022-04-11 04:18:20,1335808,Brij Bhushan 2.4G,2518280740,3,-46,3,0,,20,,,PSK,TKIP CCMP
462,BA:8E:E9:9C:D6:F6,2022-04-11 04:18:20,1335808,vivo 1920,3510894406201,1,-62,1,0,0,any,0,0,PSK,CCMP
462,BA:DD:71:A5:0B:1C,2022-04-11 04:18:20,1335808,Dashmesh 2.4G,246978805,5,-45,5,0,,20,,,PSK,CCMP
462,C2:9F:E1:EA:C3:68,2022-04-11 04:18:20,1335808,Ajay Kumar,1404166872,11,-62,11,0,,20,,,PSK,TKIP CCMP
462,D2:B2:29:DB:F9:8E,2022-04-11 04:18:20,1335808,OPPO A53,316009369600,11,-61,11,0,0,20,0,0,PSK,CCMP
462,D6:B7:09:E0:77:94,2022-04-11 04:18:20,1335808,Binay Kumar,310477215,3,-58,3,0,,20,,,PSK,TKIP CCMP
462,E2:BB:9E:E2:89:06,2022-04-11 04:18:20,1335808,DIRECT-9E-EPSON-E20906,3007140702,11,-66,11,0,,20,,,PSK,CCMP
464,04:95:E6:68:1B:D8,2022-04-11 12:07:14,1339311,Tenda_681BD8,102465246,11,-59,11,0,,20,,,,
464,04:95:E6:C9:3E:40,2022-04-11 12:07:14,1339311,Tenda_C93E40,102299825,7,-59,7,0,,20,,,PSK,CCMP
464,10:62:EB:56:22:7D,2022-04-11 12:07:14,1339311,x00x00,99635571,7,-66,7,0,,any,,,PSK,CCMP
464,30:B6:2D:B0:F2:E0,2022-04-11 12:07:14,1339311,JioPrivateNet,1498229356482,11,-75,11,0,,20,,,IEEE 802.1X,CCMP
464,34:E8:94:EF:E3:09,2022-04-11 12:07:14,1339311,multhanwala,92270843,4,-58,4,0,,20,,,PSK,CCMP
464,52:57:9C:87:A7:CB,2022-04-11 12:07:14,1339311,DIRECT-9C-EPSON-8727CB,20994982650,1,-72,1,0,,20,,,PSK,CCMP
464,60:A4:B7:7D:31:9C,2022-04-11 12:07:14,1339311,VY Network-PMWANI-Fast,77209984,11,-43,11,0,,20,,,,
464,76:9F:3C:20:47:49,2022-04-11 12:07:14,1339311,vivo X70 Pro,697193868,2,-71,2,0,0,20,0,0,PSK,CCMP
464,78:0F:77:12:5A:91,2022-04-11 12:07:14,1339311,Hi11100Z1B0000000000000000025A91,111961511,11,-79,0,0,,,,,,
464,7C:21:D8:03:44:C4,2022-04-11 12:07:14,1339311,COFE_44C4,88909192,10,-60,10,0,,any,,,PSK,CCMP
464,B4:F9:49:43:E5:7F,2022-04-11 12:07:14,1339311,BSNL--fine arts tailors,77592332,7,-33,7,0,,any,,,PSK,CCMP
475,00:17:7C:8C:2E:57,2022-04-09 07:07:19,1317629,panther1,775924224480,6,-53,6,0,,any,,,PSK,CCMP
475,00:25:5E:2B:0E:CC,2022-04-09 07:07:19,1317629,V. T. Computer,2456790409,11,-51,0,0,,,,,PSK,CCMP TKIP
475,00:6D:61:A3:A1:77,2022-04-09 07:07:19,1317629,Jaipur,63884158056,4,-28,4,0,,20,,,PSK,CCMP
475,1C:3B:F3:BD:56:27,2022-04-09 07:07:19,1317629,Rahul,3017125273996,5,-59,5,0,,20,,,PSK,CCMP TKIP
475,38:94:E0:ED:57:AA,2022-04-09 07:07:19,1317629,Viva,88332291879,11,-60,11,0,,20,,,PSK,CCMP
475,50:2B:73:08:40:71,2022-04-09 07:07:19,1317629,CCTV camera,35804689760,6,-39,6,0,,any,,,PSK,CCMP
475,54:37:BB:BB:58:F9,2022-04-09 07:07:19,1317629,sort,699326464422,11,-76,11,0,,20,,,PSK,TKIP CCMP
475,58:7B:E9:07:01:90,2022-04-09 07:07:19,1317629,Anokha guest house,136899482561,11,-69,0,0,,,,,PSK,TKIP
475,58:93:96:18:7A:B8,2022-04-09 07:07:19,1317629,The Theme,4131509745226,6,-66,0,0,,,,,,
475,58:93:96:2B:22:B8,2022-04-09 07:07:19,1317629,The Theme,4131517148982,1,-89,0,0,,,,,,
475,64:FB:92:32:68:27,2022-04-09 07:07:19,1317629,Virus deducted-2.4G,107977011651,6,-54,6,0,,any,,,,
475,66:FB:92:12:68:27,2022-04-09 07:07:19,1317629,www.excitel.com,107976934045,6,-57,6,0,,any,,,,
475,9C:30:5B:60:D8:BC,2022-04-09 07:07:19,1317629,JioFi3_60D8BC,3015130008792,6,-47,6,0,,any,,,PSK,CCMP
475,A0:DE:0F:BA:B8:65,2022-04-09 07:07:19,1317629,Sparsa_PMI,7483811474,5,-65,5,0,,20,,,PSK,CCMP
475,D8:47:32:CB:48:5F,2022-04-09 07:07:19,1317629,RAMSADAN,2726500754492,3,-45,3,0,,any,,,PSK,CCMP
475,F8:0C:58:15:B8:F9,2022-04-09 07:07:19,1317629,Airtel_7568182642,113803252952,9,-68,9,0,,20,,,PSK,TKIP CCMP
475,F8:0C:58:2A:17:89,2022-04-09 07:07:19,1317629,Agarwal home,2068766458202,11,-55,11,0,,20,,,PSK,TKIP CCMP
475,F8:C4:F3:CB:FC:3F,2022-04-09 07:07:19,1317629,Airtel_9928791004,136876927647,1,-71,1,0,,any,,,PSK,TKIP CCMP
475,FA:0C:58:4A:17:89,2022-04-09 07:07:19,1317629,,2068766414516,11,-65,11,0,,20,,,PSK,CCMP
552,70:6D:EC:FE:01:34,2022-04-06 17:18:18,1291558,REMITS_PMWANI,258969984,1,-64,1,0,,20,,,,
552,70:6D:EC:FE:01:E2,2022-04-06 17:18:18,1291558,REMITS_PMWANI,258722442,1,-64,1,0,,20,,,,
552,70:6D:EC:FE:0D:28,2022-04-06 17:18:18,1291558,REMITS_PMWANI,258660544,1,-56,1,0,,20,,,,
552,70:6D:EC:FE:0E:F0,2022-04-06 17:18:18,1291558,REMITS_PMWANI,259556813,11,-69,11,0,,20,,,,
552,70:6D:EC:FE:10:97,2022-04-06 17:18:18,1291558,REMITS_PMWANI,258662784,1,-73,1,0,,20,,,,
552,A8:3A:48:10:63:F0,2022-04-06 17:18:18,1291558,CSCBODDURI,268652299,2,-70,2,0,,20,,,PSK,CCMP
552,C0:06:C3:16:6D:56,2022-04-06 17:18:18,1291558,ACT106627401271,51814912397,6,-65,6,0,,any,,,,
581,60:A4:B7:C1:2A:74,2022-04-11 03:29:16,1335463,SOURAV DIGITAL SEVA,50514398,3,-55,3,0,,20,,,PSK,CCMP
583,00:06:AE:F9:81:5D,2022-04-10 07:33:32,1327657,JioPrivateNet,86338428468,6,-64,6,0,0,20,0,0,IEEE 802.1X FT/IEEE ,CCMP
583,C0:5B:02:21:5A:CA,2022-04-10 07:33:32,1327657,Airtel-My WIFI-BMF422-5ACA,1247443491,7,-59,7,0,,any,,,PSK,CCMP
583,E4:C3:2A:63:A6:7E,2022-04-10 07:33:32,1327657,TP-Link_A67E,102372593,9,-49,9,0,,any,,,PSK,CCMP
594,34:0A:33:B6:53:D4,2022-04-08 16:59:26,1312180,WORLD PHONE 2.4GHz,66837190,11,-58,11,0,,any,,,PSK,TKIP CCMP
614,54:37:BB:CE:23:A9,2022-04-04 13:08:17,1268738,ZEENET,5200643681855,3,-33,3,0,,20,,,PSK,TKIP CCMP
640,58:D7:59:32:97:88,2022-04-07 06:35:17,1297106,Remits1,2659645991,11,-27,11,0,,20,,,PSK,CCMP
640,5C:EA:1D:4A:DA:1C,2022-04-07 06:35:17,1297106,HP-Print-1C-LaserJet Pro MFP,108896159240,11,-71,11,0,,20,,,PSK,TKIP CCMP
640,64:66:B3:41:F6:C4,2022-04-07 06:35:17,1297106,TP-LINK_41F6C4,4221875361,11,-58,11,0,,any,,,PSK,CCMP
640,70:6D:EC:FE:0D:01,2022-04-07 06:35:17,1297106,REMITS_PMWANI2.4GHz,8565751973,1,-43,1,0,,20,,,,
640,7C:A9:6B:07:C8:50,2022-04-07 06:35:17,1297106,Remits,8567081348,6,-48,6,0,,any,,,PSK,CCMP
640,8C:15:C7:D6:12:28,2022-04-07 06:35:17,1297106,Airtel123,7848791340,7,-88,7,0,,20,,,PSK,CCMP
640,B2:22:7A:53:DD:88,2022-04-07 06:35:17,1297106,DIRECT-88-HP Laser 136w,8535899041,1,-44,1,0,,20,,,PSK,CCMP
640,B2:22:7A:5A:B1:22,2022-04-07 06:35:17,1297106,DIRECT-22-HP Laser 138fnw,240524464,1,-87,1,0,,20,,,PSK,CCMP
640,B8:C1:A2:65:9A:E7,2022-04-07 06:35:17,1297106,VJ LAW OFFICE,838296985982,1,-85,1,0,,any,,,PSK,TKIP CCMP
640,F8:C4:F3:2A:A7:00,2022-04-07 06:35:17,1297106,Jai Mata Di,1993526274172,11,-65,11,0,,any,,,PSK,TKIP CCMP
640,F8:C4:F3:35:13:60,2022-04-07 06:35:17,1297106,INSURG,4235293491582,2,-84,2,0,,any,,,PSK,TKIP CCMP
640,F8:C4:F3:3F:3A:58,2022-04-07 06:35:17,1297106,Airtel_9899372907,8116531582,1,-68,1,0,,any,,,PSK,TKIP CCMP
645,34:24:3E:7E:E5:50,2022-04-10 15:39:16,1331164,City broadband 2.4,72324211620,4,-60,4,0,,20,,,PSK,TKIP CCMP
645,54:47:E8:36:DB:4C,2022-04-10 15:39:16,1331164,www.excitel.com,79229603859,8,-74,8,0,,any,,,PSK,CCMP
645,94:98:69:6B:6F:C4,2022-04-10 15:39:16,1331164,Neha 2.4,25157158671,4,-61,4,0,,20,,,PSK,TKIP CCMP
758,00:04:56:A4:99:C0,2022-04-09 12:00:19,1319755,Express Wi-Fi by,260438230737,1,-61,1,0,,20,,,PSK PSK/SHA-256,CCMP
758,00:04:56:A4:99:C1,2022-04-09 12:00:19,1319755,,260438221657,1,-55,1,0,,20,,,PSK,CCMP
758,00:04:56:A4:99:C2,2022-04-09 12:00:19,1319755,An0kit-ss3ccA-Eth3r_CP3,260438231421,1,-60,1,0,,20,,,IEEE 802.1X,CCMP
758,00:04:56:A4:99:C3,2022-04-09 12:00:19,1319755,,260438222001,1,-56,1,0,,20,,,IEEE 802.1X,CCMP
758,12:10:81:E3:F1:B0,2022-04-09 12:00:19,1319755,Realme 6pro,25302600045,9,-67,9,0,,20,,,PSK,CCMP
758,1C:5F:2B:5A:40:D0,2022-04-09 12:00:19,1319755,dixvish,1470005926057,11,-65,11,0,,any,,,PSK,CCMP
758,32:CC:21:E9:58:4E,2022-04-09 12:00:19,1319755,MRUGESH PATEL,65599425755,7,-60,7,0,,20,,,PSK,CCMP
758,3E:57:6C:4B:F6:0C,2022-04-09 12:00:19,1319755,R M SERVICES,1680428775,11,-69,11,0,,20,,,PSK,CCMP
758,5C:3A:3D:58:06:A7,2022-04-09 12:00:19,1319755,Virus House,83186893407,9,-65,9,0,,any,,,PSK,TKIP CCMP
758,A0:47:D7:2C:8F:C0,2022-04-09 12:00:19,1319755,Prakash,1057755341200,7,-41,7,0,,20,,,PSK,CCMP
758,B8:DD:71:F4:B4:B0,2022-04-09 12:00:19,1319755,SVASTHAY SETU,30228390668,3,-71,3,0,,any,,,PSK,TKIP CCMP
758,BA:DD:71:E4:B4:B0,2022-04-09 12:00:19,1319755,ZTE_2.4G_FPahqu,30228379647,3,-72,3,0,,any,,,PSK,TKIP CCMP
758,BC:62:D2:0F:60:00,2022-04-09 12:00:19,1319755,Jewels PG,93002650016,5,-46,5,0,,any,,,PSK,TKIP CCMP
770,14:A7:2B:18:E6:63,2022-04-11 11:00:22,1338784,Den broadband!,4312444243243,9,-44,9,0,,20,,,PSK,CCMP
770,14:A7:2B:6B:4F:40,2022-04-11 11:00:22,1338784,SNET BSNL MODERN ELECTRICALS,1029590528398,11,-56,11,0,,any,,,PSK,CCMP
770,14:A7:2B:D8:2C:79,2022-04-11 11:00:22,1338784,SKY_MOBILES,22322028488,5,-51,5,0,,any,,,PSK,CCMP
770,14:A7:2B:DC:E5:5B,2022-04-11 11:00:22,1338784,x20CHOLA MKD,175102259607,4,-64,4,0,,any,,,PSK,CCMP
770,4A:2E:C0:6A:FF:52,2022-04-11 11:00:22,1338784,KOZHIxf0x9fx90x93,172066754791,1,-63,1,0,0,20,0,0,PSK,CCMP
770,C4:70:0B:16:CC:18,2022-04-11 11:00:22,1338784,DAYA MEDICALS,187990293130,1,-67,1,0,,20,,,PSK,CCMP
770,DC:8C:37:99:F3:00,2022-04-11 11:00:22,1338784,BSNL WiFi,1477930700811,11,-55,11,0,,20,,,,
770,E8:65:D4:4C:B7:D0,2022-04-11 11:00:22,1338784,Tenda_4CB7D0,22361694968,7,-55,7,0,,20,,,PSK,CCMP
774,20:74:54:6B:B5:85,2022-04-11 09:56:16,1338317,Virus,150999517901,6,-73,6,0,0,20,0,0,PSK,CCMP
785,56:49:7C:40:EC:FC,2022-04-09 12:38:16,1320066,OPPO Reno6 Pro 5G,1185519393,10,-68,10,0,0,20,0,0,PSK,CCMP
793,14:A7:2B:EA:CB:61,2022-04-04 10:43:18,1267684,BSNL FTTH,1441325447,9,-68,9,0,,20,,,PSK,TKIP CCMP
793,14:EB:B6:5C:55:D2,2022-04-04 10:43:18,1267684,fms-wifi,883735939710,11,-57,11,0,,20,,,PSK,CCMP
793,18:0F:76:35:02:28,2022-04-04 10:43:18,1267684,distinct_infotech1,451402523565,1,-56,1,0,,20,,,PSK,CCMP TKIP
793,1A:EB:B6:5C:55:D2,2022-04-04 10:43:18,1267684,jvr-wifi,883736019931,11,-62,11,0,,20,,,PSK,CCMP
793,1E:EB:B6:5C:55:D2,2022-04-04 10:43:18,1267684,fms-admin,883736000587,11,-70,11,0,,20,,,PSK,CCMP
793,32:E5:0A:B6:B2:C8,2022-04-04 10:43:18,1267684,Mumu,4570726795,11,-87,11,0,0,20,0,0,PSK,CCMP
793,BC:62:D2:44:D2:40,2022-04-04 10:43:18,1267684,GNXS-44D240,4407638309450,4,-85,4,0,,any,,,PSK,TKIP CCMP
793,C8:D7:79:A1:D0:FB,2022-04-04 10:43:18,1267684,JioFi2_A1D0FB,19574886782,7,-73,7,0,,20,,,PSK,CCMP
793,FE:87:A2:67:91:A2,2022-04-04 10:43:18,1267684,Rahul_Radh,1919777792053,1,-69,1,0,0,20,0,0,PSK,CCMP
798,08:96:AD:A5:2A:A0,2022-04-11 11:00:19,1338783,BSNL WiFi,345522406364,11,-73,11,0,,20,,,,
798,08:96:AD:A5:2A:A1,2022-04-11 11:00:19,1338783,BSNL 4G plus,345522409477,11,-73,11,0,,20,,,IEEE 802.1X,CCMP
798,08:96:AD:A5:2A:A2,2022-04-11 11:00:19,1338783,BSNL Broad Fi,345522412176,11,-74,11,0,,20,,,IEEE 802.1X,CCMP
798,2C:D0:2D:FC:0D:E0,2022-04-11 11:00:19,1338783,BSNL WiFi,345521776199,1,-72,1,0,,20,,,,
798,2C:D0:2D:FC:0D:E1,2022-04-11 11:00:19,1338783,BSNL 4G plus,345521794076,1,-76,1,0,,20,,,IEEE 802.1X,CCMP
798,2C:D0:2D:FC:0D:E2,2022-04-11 11:00:19,1338783,BSNL Broad Fi,345521799305,1,-75,1,0,,20,,,IEEE 802.1X,CCMP
798,70:6D:EC:0E:2C:90,2022-04-11 11:00:19,1338783,Worldshore Public WiFi,367177113984,7,-77,7,0,,20,,,,
798,70:6D:EC:FE:10:31,2022-04-11 11:00:19,1338783,Worldshore Public WiFi,75236659764,7,-68,7,0,,20,,,,
798,B0:52:16:A7:D6:EE,2022-04-11 11:00:19,1338783,JioFi3_A7D6EE,1105846511,11,-85,11,0,,any,,,PSK,CCMP
798,BC:62:D2:15:E7:F0,2022-04-11 11:00:19,1338783,GNXS-15E7F0,23647543781,4,-45,4,0,,any,,,PSK,TKIP CCMP
798,BC:62:D2:50:15:80,2022-04-11 11:00:19,1338783,GNXS-501580,1630564355,2,-77,2,0,,any,,,PSK,TKIP CCMP
817,04:95:E6:C4:CD:58,2022-04-10 12:38:17,1329832,Keshri Pustak Bhandar,4880582948,1,-63,1,0,,20,,,PSK,CCMP
817,28:EE:52:3D:BE:22,2022-04-10 12:38:17,1329832,xeax9cxb1xe1xb4x98xe1xb4x80xcax80,2002917221818,9,-56,9,0,,any,,,PSK,CCMP
817,38:6B:1C:92:C5:64,2022-04-10 12:38:17,1329832,SUNNY,2400981006,6,-76,6,0,,20,,,PSK,CCMP
817,38:6B:1C:A7:15:E8,2022-04-10 12:38:17,1329832,Kishor Family,4894293937,1,-68,1,0,,any,,,PSK,CCMP
817,38:6B:1C:B7:45:86,2022-04-10 12:38:17,1329832,Hitech ward No-13,4894003643,11,-58,11,0,,any,,,PSK,CCMP
817,C0:25:2F:0C:A7:B0,2022-04-10 12:38:17,1329832,Homehub,1320586145821,4,-69,4,0,,any,,,PSK,CCMP
829,14:A7:2B:2E:F1:99,2022-04-09 09:06:26,1318519,SANGEETA,124288075,3,-64,3,0,,20,,,PSK,CCMP
829,14:A7:2B:2F:78:0C,2022-04-09 09:06:26,1318519,CYBER WORLDZ,121058404,8,-69,8,0,,20,,,PSK,CCMP
829,34:E8:94:5A:73:E1,2022-04-09 09:06:26,1318519,,140902829,3,-77,3,0,,20,,,PSK,TKIP CCMP
853,38:6B:1C:C7:39:B0,2022-04-06 13:52:19,1289972,MERCUSYS_39B0,1134737419034,11,-71,11,0,,any,,,PSK,CCMP
853,54:47:E8:36:4D:89,2022-04-06 13:52:19,1289972,SDDA_2.4,16835277216,1,-79,1,0,,20,,,PSK,TKIP CCMP
853,54:47:E8:39:36:29,2022-04-06 13:52:19,1289972,FTTH SKTW,35405091042,8,-48,8,0,,any,,,PSK,TKIP CCMP
853,60:A4:B7:88:DB:E0,2022-04-06 13:52:19,1289972,o_l cpe2.4ghz,35438045684,10,-58,10,0,,any,,,PSK,CCMP TKIP
853,E8:65:D4:0F:3F:E1,2022-04-06 13:52:19,1289972,Tenda_0F3FE0,469414221,9,-54,9,0,,any,,,,
862,3C:84:6A:75:1D:24,2022-04-11 05:40:17,1336446,JioFi2_F4DD87_EXT,92104397220,11,-46,11,0,,any,,,PSK,CCMP
862,70:B6:4F:39:2E:9B,2022-04-11 05:40:17,1336446,BSNL FTTH -2.4G,102413762,8,-49,8,0,,20,,,PSK,TKIP CCMP
862,B0:BE:76:6B:C2:97,2022-04-11 05:40:17,1336446,TP-Link_C297,92094359449,5,-71,5,0,,any,,,PSK,CCMP TKIP
862,CC:2D:21:2F:6B:D1,2022-04-11 05:40:17,1336446,TP-Link_C297_5G_EXT,7154797977630,5,-53,5,0,,20,,,PSK,CCMP
866,7C:21:D8:01:B9:01,2022-04-07 12:10:44,1299878,COFE_B901,85098128,10,-73,10,0,,any,,,PSK,CCMP
866,7C:A9:6B:DE:FD:33,2022-04-07 12:10:44,1299878,Manju Chintaman Parsad,60514921,1,-9,1,0,,any,,,PSK,CCMP
868,0E:F7:7E:A8:B8:48,2022-04-08 04:10:58,1306609,OnePlus Nord CE 5G,437684333533,1,-52,1,0,0,20,0,0,PSK,CCMP
868,78:17:35:21:DB:29,2022-04-08 04:10:58,1306609,INGOLE-2.4G,48965658,8,-71,8,0,,any,,,PSK,TKIP CCMP
868,A6:8B:09:20:B4:30,2022-04-08 04:10:58,1306609,prasoon123,77431977,11,-61,11,0,,any,,,PSK,TKIP CCMP
898,10:27:F5:31:93:2B,2022-04-11 01:48:16,1334825,POWERx20,53544861693,4,-64,4,0,,any,,,PSK,CCMP
898,40:3F:8C:8E:58:D0,2022-04-11 01:48:16,1334825,TP-Link_58D0,35936498874,10,-72,10,0,,any,,,PSK,CCMP
898,4C:18:9A:B8:AC:A8,2022-04-11 01:48:16,1334825,Pritam Bag,36908749313,11,-74,11,0,,20,,,,
898,78:32:1B:6B:B5:D8,2022-04-11 01:48:16,1334825,Ritwik,53533463050,8,-74,8,0,,any,,,PSK,CCMP
898,80:07:1B:96:F5:B2,2022-04-11 01:48:16,1334825,FTTH-F5B2,80454342,1,-50,1,0,,any,,,PSK,CCMP
898,B0:95:75:8D:AA:3C,2022-04-11 01:48:16,1334825,SAURADIP ALLIANCE,53540669481,4,-68,4,0,,any,,,PSK,CCMP
900,04:95:E6:43:B3:B0,2022-04-07 07:45:18,1297683,Tenda_43B3B0,4125290394000,1,-62,1,0,,any,,,PSK,CCMP
900,08:AA:89:A5:51:AE,2022-04-07 07:45:18,1297683,Mac&Cheese,753152777000,9,-48,9,0,,20,,,PSK,TKIP CCMP
900,08:AA:89:B5:AC:C0,2022-04-07 07:45:18,1297683,Airtel_9754777671,244115659,11,-61,11,0,,20,,,PSK,TKIP CCMP
900,10:10:81:FC:73:34,2022-04-07 07:45:18,1297683,J k Gamer,243514953,3,-55,3,0,,20,,,PSK,TKIP CCMP
900,30:8E:7A:5E:E9:8C,2022-04-07 07:45:18,1297683,COFE_E98C,0,9,-68,9,0,,any,,,PSK,CCMP
900,CC:2D:21:ED:54:81,2022-04-07 07:45:18,1297683,Tenda_ED5480,38087538284,7,-77,7,0,,20,,,PSK,CCMP
900,DC:29:19:44:E7:70,2022-04-07 07:45:18,1297683,SMART_TV,766714665,6,-68,6,0,,20,,,PSK,CCMP
903,34:24:3E:7D:8C:86,2022-04-08 04:00:18,1306535,mohdanwar5,99736412,11,-70,11,0,,any,,,PSK,TKIP CCMP
903,50:2B:73:51:7C:F0,2022-04-08 04:00:18,1306535,Khushbu electronic 2,8641157746,11,-69,11,0,,any,,,PSK,CCMP
903,A6:73:D5:67:3C:DB,2022-04-08 04:00:18,1306535,Galaxy A10s6475,8655027799,6,-73,6,0,0,20,0,0,PSK,CCMP
905,04:95:E6:29:D4:C8,2022-04-08 03:52:18,1306484,Pandu,220266332,6,-24,6,0,,any,,,PSK,CCMP
905,10:27:F5:83:74:73,2022-04-08 03:52:18,1306484,PM WANI EXT,227533219,10,-80,10,0,,any,,,,
905,1C:3B:F3:AB:20:7C,2022-04-08 03:52:18,1306484,sachivalayam4,684413133220,10,-76,10,0,,any,,,PSK,CCMP
905,4C:BC:E9:E7:CA:53,2022-04-08 03:52:18,1306484,AT_401_RAC_056905_WW_ca53,219571947,11,-75,11,0,,20,,,PSK,CCMP
905,54:B8:0A:08:89:72,2022-04-08 03:52:18,1306484,Mahesh,213203758,2,-84,2,0,,20,,,PSK,TKIP CCMP
905,70:6D:EC:FE:01:34,2022-04-08 03:52:18,1306484,REMITS_PMWANI,193331609,1,-62,1,0,,20,,,,
905,70:6D:EC:FE:01:E2,2022-04-08 03:52:18,1306484,REMITS_PMWANI,193230600,1,-76,1,0,,20,,,,
905,70:6D:EC:FE:0D:28,2022-04-08 03:52:18,1306484,REMITS_PMWANI,193335296,1,-65,1,0,,20,,,,
905,70:6D:EC:FE:0E:8A,2022-04-08 03:52:18,1306484,REMITS_PMWANI,192307584,1,-68,1,0,,20,,,,
949,00:11:74:FA:DB:00,2022-04-11 07:37:17,1337306,JioNet,923069,1,-55,1,0,,20,,,,
949,00:11:74:FA:DB:01,2022-04-11 07:37:17,1337306,JioPrivateNet,925353,1,-53,1,0,,20,,,IEEE 802.1X,CCMP
949,08:AA:89:BC:90:70,2022-04-11 07:37:17,1337306,Virji,178173234,6,-58,6,0,,20,,,PSK,TKIP CCMP
949,86:05:66:B5:3D:38,2022-04-11 07:37:17,1337306,80551234,2947735060,8,-68,8,0,0,20,0,0,PSK,CCMP
949,B8:C1:A2:24:52:D4,2022-04-11 07:37:17,1337306,jbbh,194048371,8,-67,8,0,,any,,,,
949,F0:B4:D2:DD:DC:82,2022-04-11 07:37:17,1337306,JioFi4_1031AA_EXT,140595598,11,-63,11,0,,20,,,PSK,CCMP
967,00:17:7C:54:72:5A,2022-04-09 00:00:25,1314682,DIGISOL,1620624281971,6,-69,6,0,,any,,,,
967,04:95:E6:91:94:88,2022-04-09 00:00:25,1314682,Tenda_919488,184627600,8,-76,8,0,,20,,,,
967,04:95:E6:D7:0A:D8,2022-04-09 00:00:25,1314682,K N SOLARx20,231732690,9,-78,9,0,,20,,,PSK,CCMP
967,04:B1:A1:09:C7:36,2022-04-09 00:00:25,1314682,AndroidAP_8333,22846146593,1,-70,1,0,,20,,,PSK,CCMP
967,06:90:E8:56:EE:93,2022-04-09 00:00:25,1314682,,1709159427036,11,-40,0,0,,,,,PSK,CCMP
967,06:90:E8:56:EE:9F,2022-04-09 00:00:25,1314682,,241362534868,6,-70,0,0,,,,,PSK,CCMP
967,44:D1:FA:3B:20:0B,2022-04-09 00:00:25,1314682,MARS,77739967789,6,-86,6,0,,20,,,,
967,4C:5E:0C:1A:FE:43,2022-04-09 00:00:25,1314682,Accor,4017096288027,11,-65,11,0,,20,,,,
967,4C:5E:0C:1A:FE:C7,2022-04-09 00:00:25,1314682,Accor,3860293334302,3,-68,3,0,,20,,,,
967,4C:5E:0C:1A:FE:CD,2022-04-09 00:00:25,1314682,Accor,4017082309110,11,-76,11,0,,20,,,,
967,4C:5E:0C:1A:FF:D5,2022-04-09 00:00:25,1314682,Accor,4017005276869,11,-68,11,0,,20,,,,
967,4C:5E:0C:1B:00:FB,2022-04-09 00:00:25,1314682,Accor,4017064935184,11,-62,11,0,,20,,,,
967,70:6D:EC:0E:30:89,2022-04-09 00:00:25,1314682,Worldshore Public WiFi,5164900483,7,-65,7,0,,20,,,,
967,A8:DA:0C:63:5C:50,2022-04-09 00:00:25,1314682,Cellguard,463138918825,2,-61,2,0,,20,,,PSK,CCMP
967,A8:F5:AC:5C:BE:9C,2022-04-09 00:00:25,1314682,Campus_international,1791588249982,11,-58,11,0,,20,,,PSK,TKIP CCMP
967,B8:C1:A2:58:D8:F4,2022-04-09 00:00:25,1314682,Sudheer kakkad,83054400,1,-56,1,0,,any,,,PSK,TKIP CCMP
967,CC:2D:E0:0C:69:FD,2022-04-09 00:00:25,1314682,Accor,1444804001878,1,-63,1,0,,20,,,,
967,CC:2D:E0:88:7E:63,2022-04-09 00:00:25,1314682,Accor,4016784896384,11,-54,11,0,,20,,,,
967,E4:47:B3:97:07:12,2022-04-09 00:00:25,1314682,Spencer,215040410,6,-77,6,0,,20,,,PSK,TKIP CCMP
967,E4:8D:8C:76:3F:B3,2022-04-09 00:00:25,1314682,Accor,1444808529000,6,-63,6,0,,20,,,,
967,E4:8D:8C:76:40:CD,2022-04-09 00:00:25,1314682,Accor,4017067462903,4,-60,4,0,,20,,,,
967,E4:8D:8C:76:41:6F,2022-04-09 00:00:25,1314682,Accor,1444831618694,11,-65,11,0,,20,,,,
967,E4:8D:8C:76:41:AB,2022-04-09 00:00:25,1314682,Accor,4016908040962,11,-64,11,0,,20,,,,
967,E4:8D:8C:76:42:47,2022-04-09 00:00:25,1314682,Accor,4017053382153,1,-55,1,0,,20,,,,
967,E4:8D:8C:76:42:8F,2022-04-09 00:00:25,1314682,Accor,1444826218934,5,-72,5,0,,20,,,,
967,E4:8D:8C:76:42:BF,2022-04-09 00:00:25,1314682,Accor,1444817595644,1,-70,1,0,,20,,,,
967,E4:8D:8C:B9:CC:66,2022-04-09 00:00:25,1314682,Accor,4016957317134,11,-54,11,0,,20,,,,
967,E4:8D:8C:B9:CC:FC,2022-04-09 00:00:25,1314682,Accor,4016943298634,10,-52,10,0,,20,,,,
967,E4:8D:8C:C1:F9:63,2022-04-09 00:00:25,1314682,Accor,2436315865109,8,-69,8,0,,20,,,,
967,E4:8D:8C:C1:F9:93,2022-04-09 00:00:25,1314682,Accor,4017046746382,8,-59,8,0,,20,,,,
967,E4:8D:8C:C1:FA:B3,2022-04-09 00:00:25,1314682,Accor,4016912602922,7,-66,7,0,,20,,,,
967,E4:8D:8C:C1:FB:13,2022-04-09 00:00:25,1314682,Accor,4017013141223,3,-69,3,0,,20,,,,
967,E4:8D:8C:C1:FB:6D,2022-04-09 00:00:25,1314682,Accor,4017063300289,3,-64,3,0,,20,,,,
967,F8:C4:F3:39:FC:C0,2022-04-09 00:00:25,1314682,mgroad,200828301,2,-58,2,0,,any,,,PSK,TKIP CCMP
967,F8:C4:F3:59:B8:10,2022-04-09 00:00:25,1314682,Anix Education,77773312382,1,-51,1,0,,any,,,PSK,TKIP CCMP
967,F8:C4:F3:C4:12:F0,2022-04-09 00:00:25,1314682,Airtel_8594072228,205005207,2,-66,2,0,,any,,,PSK,TKIP CCMP
993,0E:7D:8A:34:BE:4E,2022-04-09 07:21:11,1317725,Redmi Note 10 Pro,20645785600,11,-78,11,0,0,20,0,0,PSK,CCMP
993,2A:45:73:43:79:46,2022-04-09 07:21:11,1317725,sattanxavi,143528770922,6,-76,6,0,0,20,0,0,PSK,CCMP
993,6C:24:A6:65:0A:47,2022-04-09 07:21:11,1317725,vivo 1916,160936195316,2,-73,2,0,0,20,0,0,PSK,CCMP
993,92:2B:F9:3C:F6:8B,2022-04-09 07:21:11,1317725,DIRECT-BPDESKTOP-4HL702Vms9Y,6169365261,11,-47,11,0,,20,,,PSK,CCMP
993,BC:62:D2:22:BB:10,2022-04-09 07:21:11,1317725,Sreedhari,13002342813,10,-74,10,0,,any,,,PSK,TKIP CCMP
993,BC:62:D2:C9:1B:C2,2022-04-09 07:21:11,1317725,WSN,68193289,10,-23,10,0,,any,,,PSK,TKIP CCMP
993,C8:D7:79:AD:8C:41,2022-04-09 07:21:11,1317725,JioFi2_AD8C41,9649591787,8,-52,8,0,,20,,,PSK,CCMP
1016,26:0B:88:43:5D:19,2022-04-09 10:33:15,1319142,,19299021202,11,-87,11,0,,20,,,PSK,CCMP
1016,30:B6:2D:B1:1D:00,2022-04-09 10:33:15,1319142,JioPrivateNet,700385075587,11,-59,11,0,,20,,,IEEE 802.1X,CCMP
1016,3A:EE:57:94:E6:FE,2022-04-09 10:33:15,1319142,Galaxy A52s,282522764396,11,-53,11,0,0,20,0,0,PSK,CCMP
1016,54:47:E8:5D:87:4D,2022-04-09 10:33:15,1319142,FTTH-874D,23203453052,5,-20,5,0,,20,,,PSK,CCMP
1016,58:D7:59:32:97:88,2022-04-09 10:33:15,1319142,Remits1,23432777831,11,-29,11,0,,20,,,PSK,CCMP
1016,5C:EA:1D:4A:DA:1C,2022-04-09 10:33:15,1319142,HP-Print-1C-LaserJet Pro MFP,295969858229,11,-47,11,0,,20,,,PSK,TKIP CCMP
1016,64:66:B3:41:F6:C4,2022-04-09 10:33:15,1319142,TP-LINK_41F6C4,4825862809,8,-46,8,0,,any,,,PSK,CCMP
1016,68:33:2C:00:3F:95,2022-04-09 10:33:15,1319142,REMITS_PMWANI2.4GHz,10786523164,1,-17,1,0,,20,,,,
1016,74:DA:DA:DB:6A:4F,2022-04-09 10:33:15,1319142,GABA INVESTMENT CONSULTANTS,281118816015,5,-56,5,0,,20,,,PSK,TKIP CCMP
1016,7C:A9:6B:07:C8:50,2022-04-09 10:33:15,1319142,Remits,23420816445,6,-62,6,0,,any,,,PSK,CCMP
1016,A8:9D:D2:10:75:F8,2022-04-09 10:33:15,1319142,SAICON5,295970695952,11,-54,11,0,,20,,,,
1016,A8:A7:95:B9:2C:A7,2022-04-09 10:33:15,1319142,HP-Print-A7-LaserJet Pro MFP,23197824338,1,-52,1,0,,20,,,,
1016,B2:22:7A:53:DD:88,2022-04-09 10:33:15,1319142,DIRECT-88-HP Laser 136w,21769138210,1,-33,1,0,,20,,,PSK,CCMP
1016,F8:C4:F3:2A:A7:00,2022-04-09 10:33:15,1319142,Jai Mata Di,2180602471932,11,-57,11,0,,any,,,PSK,TKIP CCMP
1016,F8:C4:F3:35:13:60,2022-04-09 10:33:15,1319142,INSURG,4422368358782,2,-61,2,0,,any,,,PSK,TKIP CCMP
1016,F8:C4:F3:35:13:61,2022-04-09 10:33:15,1319142,Airtel_1,4422368153982,2,-68,2,0,,any,,,PSK,TKIP CCMP
1016,F8:C4:F3:3B:DC:A0,2022-04-09 10:33:15,1319142,united travels,452944793982,11,-67,11,0,,any,,,PSK,TKIP CCMP
1016,F8:C4:F3:3F:3A:58,2022-04-09 10:33:15,1319142,Airtel_9899372907,23197798782,1,-56,1,0,,any,,,PSK,TKIP CCMP
1019,4C:AE:EC:00:90:F4,2022-04-11 03:19:19,1335386,FTTH-GREENS D 604,56041484962,6,-68,6,0,,any,,,PSK FT/PSK,TKIP CCMP
1019,7C:A9:6B:5C:C8:F0,2022-04-11 03:19:19,1335386,BSNL F604,56044035880,9,-59,9,0,,20,,,PSK,CCMP
1019,7C:A9:6B:5E:5B:C0,2022-04-11 03:19:19,1335386,KVSS,42878297496,1,-76,1,0,,20,,,PSK,CCMP
1019,90:16:BA:EB:DD:C8,2022-04-11 03:19:19,1335386,BSNL-FTTH-1106,1687450011,10,-76,10,0,,20,,,PSK,CCMP TKIP
1019,B4:F9:49:0C:39:7E,2022-04-11 03:19:19,1335386,DJ Hack,87502073,11,-46,11,0,,any,,,PSK,CCMP
1019,B4:F9:49:11:77:8E,2022-04-11 03:19:19,1335386,ASIA_123,56035820210,8,-73,8,0,,20,,,PSK,CCMP
1019,B4:F9:49:18:04:65,2022-04-11 03:19:19,1335386,GREENS D 207-2.4G,17255731589,7,-60,7,0,,20,,,PSK,CCMP
1019,B4:F9:49:19:88:C5,2022-04-11 03:19:19,1335386,GREENS F 1107-2.4G,56027835717,4,-76,4,0,,20,,,PSK,CCMP
1019,B4:F9:49:31:83:95,2022-04-11 03:19:19,1335386,greens.307,56028569998,11,-68,11,0,,20,,,PSK FT/PSK,TKIP CCMP
1019,B4:F9:49:31:C7:95,2022-04-11 03:19:19,1335386,GREEN I 1405,56028877221,6,-81,6,0,,any,,,PSK FT/PSK,CCMP
1019,B4:F9:49:31:C9:85,2022-04-11 03:19:19,1335386,Optilink,3971539251616,11,-71,11,0,,20,,,PSK FT/PSK,CCMP
1019,B4:F9:49:32:07:05,2022-04-11 03:19:19,1335386,Bhuvi,56027147730,9,-58,9,0,,20,,,PSK,TKIP CCMP
1019,B4:F9:49:32:0B:D5,2022-04-11 03:19:19,1335386,GREENS C 905,56028181795,4,-66,4,0,,20,,,PSK,TKIP CCMP
1019,B4:F9:49:72:AB:A5,2022-04-11 03:19:19,1335386,greens.f.1007,55993958807,11,-64,11,0,,20,,,PSK,TKIP CCMP
1019,B4:F9:49:75:10:95,2022-04-11 03:19:19,1335386,GREENS H 107,56028316957,8,-55,8,0,,20,,,,
1019,B4:F9:49:75:9F:F5,2022-04-11 03:19:19,1335386,GREENS F 1005,56014039207,1,-77,1,0,,20,,,,
1019,C4:70:0B:50:71:42,2022-04-11 03:19:19,1335386,Abhigyan,56035487578,1,-74,1,0,,20,,,PSK,TKIP CCMP
1019,C4:70:0B:50:88:55,2022-04-11 03:19:19,1335386,C-604,56036045182,11,-61,11,0,,any,,,PSK,CCMP
1019,C4:70:0B:DC:39:9F,2022-04-11 03:19:19,1335386,FTTH-399F,56035328409,8,-78,8,0,,any,,,PSK,CCMP
1019,D0:EF:C1:9D:6C:CC,2022-04-11 03:19:19,1335386,BSNL-FTTH,56040871151,10,-63,10,0,,any,,,PSK,TKIP CCMP
1025,C2:94:AD:EF:DE:A8,2022-04-09 02:23:15,1315541,Rudraksh,103355016,4,-33,4,0,,20,,,PSK,TKIP CCMP
1025,DC:2C:6E:19:85:5D,2022-04-09 02:23:15,1315541,SABKAWIFI_PMWANI2,184736247,8,-18,8,0,,any,,,,
1052,00:17:7C:5B:56:67,2022-04-09 14:33:15,1320943,Maryam,363645952382,6,-66,6,0,,any,,,PSK,CCMP
1052,00:C0:02:12:35:88,2022-04-09 14:33:15,1320943,Saif,31693926718,11,-67,11,0,,20,,,PSK,CCMP
1052,04:95:E6:62:AE:38,2022-04-09 14:33:15,1320943,Shadat,715614823175,5,-68,5,0,,any,,,PSK,CCMP
1052,28:EE:52:B6:C6:54,2022-04-09 14:33:15,1320943,Mahantesh,715615241505,9,-75,9,0,,any,,,PSK,CCMP
1052,30:B6:2D:9D:88:A0,2022-04-09 14:33:15,1320943,JioPrivateNet,329420847863,1,-69,1,0,,20,,,IEEE 802.1X,CCMP
1052,30:B6:2D:9D:8A:C0,2022-04-09 14:33:15,1320943,JioPrivateNet,1999660259723,1,-62,1,0,,20,,,IEEE 802.1X,CCMP
1052,30:B6:2D:9E:51:20,2022-04-09 14:33:15,1320943,JioPrivateNet,609579728057,11,-56,11,0,,20,,,IEEE 802.1X,CCMP
1052,B0:BE:76:60:EA:50,2022-04-09 14:33:15,1320943,mohsamx20,26446648899,3,-60,3,0,,any,,,PSK,TKIP CCMP
1052,C4:41:1E:CD:5C:D2,2022-04-09 14:33:15,1320943,L1 2.4,12650763545,6,-13,6,0,,20,,,PSK,CCMP
1053,00:06:AE:DD:31:A5,2022-04-06 15:25:18,1290725,JioPrivateNet,10791728125,11,-72,11,0,0,20,0,0,IEEE 802.1X FT/IEEE ,CCMP
1053,4C:AE:1C:4F:EF:72,2022-04-06 15:25:18,1290725,Offie Max Digital Services,126611980,1,-50,1,0,,any,,,PSK,CCMP
1053,7E:78:7E:EE:5D:33,2022-04-06 15:25:18,1290725,AndroidAP,2028170845,1,-67,1,0,,20,,,PSK,CCMP
1131,BC:62:D2:84:D8:48,2022-04-11 00:31:17,1334375,SYS_POROPPAD,140133280,1,-40,1,0,,any,,,PSK,TKIP CCMP
1131,E8:48:B8:A9:E1:9E,2022-04-11 00:31:17,1334375,Tp link,26977894821,2,-90,2,0,,20,,,PSK,CCMP
1132,10:27:F5:E3:26:E8,2022-04-06 05:23:17,1285765,BBNL_O,64580492108,2,-61,2,0,,20,,,PSK,CCMP
1132,44:D1:FA:AE:FE:B2,2022-04-06 05:23:17,1285765,,738099584,6,-59,6,0,,20,,,PSK,CCMP
1132,46:D1:FA:AE:FE:B2,2022-04-06 05:23:17,1285765,WIFIOPS-PMWANI-PDO,737955043,6,-60,6,0,,20,,,,
1132,70:6D:EC:FE:14:2A,2022-04-06 05:23:17,1285765,PDO_SANJESH,166664921,1,-52,1,0,,20,,,,
1132,90:B5:7F:4C:B2:4E,2022-04-06 05:23:17,1285765,MIFI_B24E,0,9,-88,9,0,,any,,,PSK,CCMP
1141,00:17:7C:5A:1B:E4,2022-04-05 03:24:16,1274377,Wisp Cables Pvt Ltd,169560570,6,-34,0,0,,,,,,
1141,28:EE:52:26:25:76,2022-04-05 03:24:16,1274377,TP-Link_2576,159501240,11,-46,11,0,,any,,,PSK,CCMP
1147,34:E3:80:42:87:08,2022-04-06 11:17:16,1288663,GNXS-428708,250349239697,9,-51,9,0,,any,,,PSK,TKIP CCMP
1147,34:E3:80:48:0F:B0,2022-04-06 11:17:16,1288663,EDUTREE,158014870,8,-75,8,0,,any,,,PSK,TKIP CCMP
1147,34:E3:80:48:D3:28,2022-04-06 11:17:16,1288663,Globalspace _ Asianet,1033277953335,3,-58,3,0,,any,,,PSK,CCMP
1147,50:D4:F7:3B:01:C5,2022-04-06 11:17:16,1288663,Roypaul,38872269184,1,-51,1,0,,any,,,PSK,CCMP TKIP
1147,58:D7:59:37:D6:8C,2022-04-06 11:17:16,1288663,Rajeev,26570491457,11,-81,11,0,,20,,,PSK,TKIP CCMP
1147,5C:F9:FD:8A:97:89,2022-04-06 11:17:16,1288663,Airtel_9995676727,26531223882,4,-73,4,0,,20,,,PSK,TKIP CCMP
1147,70:6D:EC:FE:10:D6,2022-04-06 11:17:16,1288663,Worldshore Public WiFi,783177640587,7,-61,7,0,,20,,,,
1147,8C:A3:99:20:4C:69,2022-04-06 11:17:16,1288663,Airtel_8594072228,141586874,6,-60,6,0,,any,,,PSK,TKIP CCMP
1149,34:0A:33:78:D6:38,2022-04-09 03:57:07,1316180,BSNL_Devayani-ext,64466841628,8,-72,8,0,,20,,,PSK,CCMP
1149,40:C8:CB:0E:94:78,2022-04-09 03:57:07,1316180,CCEK-NSDC CAMPUS,93357253,10,-62,10,0,,20,,,PSK,CCMP
1149,48:79:4D:05:68:2B,2022-04-09 03:57:07,1316180,AndroidShare_7908,2601267589,6,-90,6,0,,20,,,PSK,CCMP
1149,54:B8:0A:9D:C4:91,2022-04-09 03:57:07,1316180,D-Link_DIR-600M,92787599,1,-71,1,0,,any,,,,
1149,5E:10:C5:D2:59:CF,2022-04-09 03:57:07,1316180,Galaxy M01 Core1112,571154624981,7,-74,7,0,,20,,,PSK,CCMP
1149,64:FB:92:38:88:81,2022-04-09 03:57:07,1316180,Kerala vision_lazar,1275187598,11,-74,11,0,,any,,,PSK,CCMP
1149,80:26:89:BB:4F:EA,2022-04-09 03:57:07,1316180,Akshaya,97894771,6,-82,6,0,,any,,,,
1149,84:AD:58:3B:70:C0,2022-04-09 03:57:07,1316180,TTCTMPCS NEETHI,864858027898,9,-60,9,0,,20,,,PSK,CCMP TKIP
1149,BC:62:D2:70:AB:E0,2022-04-09 03:57:07,1316180,KERALA VISION_navaju,62293719092,11,-66,11,0,,any,,,PSK,TKIP CCMP
1149,BC:62:D2:81:E3:60,2022-04-09 03:57:07,1316180,Keralavision_Akshaya Kendra,75084871,1,-71,1,0,,any,,,PSK,TKIP CCMP
1151,18:68:CB:A7:60:FC,2022-04-07 14:25:22,1301065,NVR804845572,14326064619,11,-53,11,0,,any,,,PSK,CCMP
1151,34:E3:80:46:C4:E8,2022-04-07 14:25:22,1301065,GNXS-46C4E8,29392251974,9,-60,9,0,,any,,,PSK,TKIP CCMP
1151,34:E3:80:48:5B:88,2022-04-07 14:25:22,1301065,THE JUICE BARREL,171756592572,9,-51,9,0,,any,,,PSK,TKIP CCMP
1151,34:E3:80:48:6C:88,2022-04-07 14:25:22,1301065,GNXS-486C88,110378759,5,-58,5,0,,any,,,PSK,TKIP CCMP
1151,4C:B1:CD:11:47:98,2022-04-07 14:25:22,1301065,Incuspaze,3835513141393,6,-69,6,0,,20,,,PSK,CCMP
1151,4C:B1:CD:11:51:28,2022-04-07 14:25:22,1301065,Incuspaze,17999131483571,1,-64,1,0,,20,,,PSK,CCMP
1151,4C:B1:CD:11:54:68,2022-04-07 14:25:22,1301065,Incuspaze,777854095817,2,-58,2,0,,20,,,PSK,CCMP
1151,4C:B1:CD:11:54:78,2022-04-07 14:25:22,1301065,Incuspaze,17999165269875,1,-64,1,0,,20,,,PSK,CCMP
1151,4C:B1:CD:11:63:E8,2022-04-07 14:25:22,1301065,Incuspaze,17999156364057,11,-46,11,0,,20,,,PSK,CCMP
1151,4C:B1:CD:11:68:18,2022-04-07 14:25:22,1301065,Incuspaze,17999145735591,6,-72,6,0,,20,,,PSK,CCMP
1151,50:2B:73:3C:1B:41,2022-04-07 14:25:22,1301065,BSNL FIBRE,98700619,3,-64,3,0,,any,,,PSK,TKIP CCMP
1151,54:EC:2F:27:11:88,2022-04-07 14:25:22,1301065,Incuspaze,17999188629485,6,-81,6,0,,20,,,PSK,CCMP
1151,54:EC:2F:27:12:C8,2022-04-07 14:25:22,1301065,Incuspaze,17999192827832,11,-56,11,0,,20,,,PSK,CCMP
1151,7C:57:3C:28:A8:C2,2022-04-07 14:25:22,1301065,Incuspaze,792116558395,6,-66,6,0,,20,,,PSK,CCMP
1151,7C:57:3C:28:A8:C3,2022-04-07 14:25:22,1301065,INCUSPAZE-NEW,792116531558,6,-54,6,0,,20,,,PSK 00-0f-ac:8,CCMP
1151,8A:5A:12:F7:24:2B,2022-04-07 14:25:22,1301065,realme C12,10826547596,1,-71,1,0,0,20,0,0,PSK,CCMP
1151,A4:97:B1:00:40:BE,2022-04-07 14:25:22,1301065,HP-Print-BE-LaserJet Pro MFP,549096509263,2,-65,2,0,,20,,,,
1151,BC:0F:9A:9D:AA:84,2022-04-07 14:25:22,1301065,GNXS-46C4E8-ext,15763835453,9,-71,9,0,,20,,,PSK FT/PSK,CCMP
1151,BC:62:D2:C5:D2:42,2022-04-07 14:25:22,1301065,GNXS-2.4G-C5D241,95525437,10,-47,10,0,,any,,,PSK,TKIP CCMP
1151,E8:26:89:7D:D7:A2,2022-04-07 14:25:22,1301065,Incuspaze,792324915263,6,-64,6,0,,20,,,PSK,CCMP
1151,E8:26:89:7D:DC:E2,2022-04-07 14:25:22,1301065,Incuspaze,792326120643,1,-59,1,0,,20,,,PSK,CCMP
1151,E8:26:89:7D:DC:E3,2022-04-07 14:25:22,1301065,INCUSPAZE-NEW,792326121528,1,-58,1,0,,20,,,PSK 00-0f-ac:8,CCMP
1151,FE:AA:B6:6D:BD:30,2022-04-07 14:25:22,1301065,AndroidAPBD30,27915779496,11,-68,11,0,,20,,,PSK,CCMP
1162,02:00:48:D4:80:E6,2022-04-02 05:44:17,1255624,DIRECT-48D400E6,80646817,1,-72,1,0,,20,,,PSK,CCMP
1162,44:95:3B:16:57:E0,2022-04-02 05:44:17,1255624,OnDeck Finance Bank.,93904832,1,-34,1,0,,any,,,,
1171,94:98:69:63:CD:1A,2022-04-11 09:20:17,1338048,Airtel_9335445704,124177251,4,-11,4,0,,20,,,PSK,TKIP CCMP
1172,70:6D:EC:FE:02:33,2022-04-07 03:39:50,1295657,REMITS_PMWANI3,218239084620,11,-75,11,0,,20,,,,
1173,50:2B:73:DE:3C:58,2022-04-11 11:43:17,1339100,Abe,86844112873,6,-12,6,0,,20,,,PSK,CCMP
1173,70:6D:EC:FE:02:33,2022-04-11 11:43:17,1339100,REMITS_PMWANI3,117862784,1,-86,1,0,,20,,,,
1173,70:6D:EC:FE:0B:ED,2022-04-11 11:43:17,1339100,REMITS_PMWANI2,128512384,10,-79,10,0,,20,,,,
1173,70:6D:EC:FE:0E:36,2022-04-11 11:43:17,1339100,REMITS_PMWANI_5,82329984,1,-73,1,0,,20,,,,
1173,DE:B3:DE:A1:AF:90,2022-04-11 11:43:17,1339100,Nokia 3.4,79227999089,1,-80,1,0,0,20,0,0,PSK,CCMP
1174,10:BC:97:B6:66:EF,2022-04-11 11:45:18,1339124,vivo 1906,2842318747,11,-86,11,0,,20,,,PSK,CCMP
1174,50:2B:73:5A:AE:10,2022-04-11 11:45:18,1339124,Sallauddin,30004152855,5,-41,5,0,,any,,,,
1174,70:6D:EC:FE:0B:ED,2022-04-11 11:45:18,1339124,REMITS_PMWANI2,249166699,10,-80,10,0,,20,,,,
1174,70:6D:EC:FE:0E:36,2022-04-11 11:45:18,1339124,REMITS_PMWANI_5,202854784,1,-77,1,0,,20,,,,
1174,70:6D:EC:FE:10:8E,2022-04-11 11:45:18,1339124,REMITS_PMWANI4,238592384,1,-86,1,0,,20,,,,
1174,70:6D:EC:FE:11:63,2022-04-11 11:45:18,1339124,REMITS_PMWANI,160976477,11,-76,11,0,,20,,,,
1175,30:B6:2D:98:5B:40,2022-04-11 11:45:18,1339125,JioPrivateNet,3292278316566,11,-88,11,0,,20,,,IEEE 802.1X,CCMP
1175,50:2B:73:DE:3C:58,2022-04-11 11:45:18,1339125,Abe,86965475521,6,-62,6,0,,20,,,PSK,CCMP
1175,50:2B:73:DE:3C:F8,2022-04-11 11:45:18,1339125,s2c,679143322009,5,-65,5,0,,20,,,PSK,CCMP
1175,70:6D:EC:FE:0E:36,2022-04-11 11:45:18,1339125,REMITS_PMWANI_5,203824365,1,-66,1,0,,20,,,,
1175,70:6D:EC:FE:10:8E,2022-04-11 11:45:18,1339125,REMITS_PMWANI4,239505255,1,-80,1,0,,20,,,,
1176,04:95:E6:4B:C1:90,2022-04-05 14:36:54,1279821,R-Hood,3031040400,2,-85,2,0,,any,,,PSK,CCMP
1176,04:95:E6:BA:DD:08,2022-04-05 14:36:54,1279821,OPD Fiber,358536862125,1,-81,1,0,,20,,,PSK,CCMP
1176,10:10:81:FE:62:1C,2022-04-05 14:36:54,1279821,Airtel_8280164131,42797128485,3,-61,3,0,,20,,,PSK,TKIP CCMP
1176,1C:A5:32:19:33:F0,2022-04-05 14:36:54,1279821,BSNL_AP,11889529922,10,-84,10,0,,any,,,,
1176,38:94:E0:D9:98:4C,2022-04-05 14:36:54,1279821,FTTH-984C,210627994166,11,-66,11,0,,20,,,PSK,CCMP
1176,50:2B:73:19:5F:B8,2022-04-05 14:36:54,1279821,Rajesh,33724826000,10,-74,10,0,,any,,,PSK,CCMP
1176,50:2B:73:48:06:E8,2022-04-05 14:36:54,1279821,Jmd,158709657982,11,-69,11,0,,any,,,PSK,CCMP
1176,54:47:E8:08:DD:95,2022-04-05 14:36:54,1279821,FTTH,1419839913729,11,-72,11,0,,20,,,PSK,TKIP CCMP
1176,7C:A9:6B:B9:8F:D5,2022-04-05 14:36:54,1279821,Ib OPD 2.4,358503629198,3,-68,3,0,,20,,,PSK,TKIP CCMP
1176,80:07:1B:2A:E5:48,2022-04-05 14:36:54,1279821,AADHAAR CENTRE,1761599284514,6,-69,6,0,,20,,,PSK,CCMP
1176,C8:3A:35:80:90:48,2022-04-05 14:36:54,1279821,Tenda_809048,35519187093,11,-75,11,0,,any,,,,
1176,CA:E3:74:46:6D:78,2022-04-05 14:36:54,1279821,AndroidShare_9612,44246270059,2,-83,2,0,0,20,0,0,PSK,CCMP
1176,E8:65:D4:4E:78:58,2022-04-05 14:36:54,1279821,MAHANADI,112405402009,9,-73,9,0,,any,,,PSK,CCMP
1189,58:D0:90:DE:85:88,2022-04-11 11:44:16,1339106,WirelessNet,71047783,9,-64,9,0,,any,,,PSK,TKIP CCMP
1206,4C:5E:0C:1A:FE:43,2022-04-10 15:03:32,1330902,Accor,4157689037597,11,-91,11,0,,20,,,,
1206,70:6D:EC:FE:0B:C9,2022-04-10 15:03:32,1330902,Worldshore Public WiFi,140796416384,7,-75,7,0,,20,,,,
1206,A8:DA:0C:63:5C:50,2022-04-10 15:03:32,1330902,Cellguard,603731456409,2,-84,2,0,,20,,,PSK,CCMP
1206,E4:47:B3:97:07:12,2022-04-10 15:03:32,1330902,Spencer,140808422608,11,-30,11,0,,20,,,PSK,TKIP CCMP
1206,F8:C4:F3:C4:12:F0,2022-04-10 15:03:32,1330902,Airtel_8594072228,140798496023,2,-13,2,0,,any,,,PSK,TKIP CCMP
1209,00:17:7C:5A:3D:31,2022-04-09 17:14:16,1322067,Apple,2730233876,6,-64,6,0,,any,,,PSK,CCMP
1209,38:6B:1C:94:CB:5E,2022-04-09 17:14:16,1322067,Rahul Magnur,1656795606200,4,-74,4,0,,any,,,PSK,CCMP
1209,50:2B:73:85:B8:C1,2022-04-09 17:14:16,1322067,HSPD 2.4,112672047,11,-52,11,0,,any,,,PSK,CCMP
1209,FA:2A:FE:6A:81:42,2022-04-09 17:14:16,1322067,Galaxy A10EEFD,23381514230,11,-89,11,0,,20,,,,
1217,04:95:E6:92:3A:00,2022-04-06 10:25:17,1288196,Tedna506,41431245191,7,-76,7,0,,20,,,PSK,CCMP
1217,0A:CD:EE:26:18:3E,2022-04-06 10:25:17,1288196,POCO F1,258797688573,11,-50,11,0,0,20,0,0,PSK,CCMP
1217,1C:18:4A:36:DC:10,2022-04-06 10:25:17,1288196,NET-SSID1,11181725186,1,-24,1,0,,20,,,PSK,CCMP
1217,5A:6A:D3:5D:3C:86,2022-04-06 10:25:17,1288196,Galaxy M01246e,18837380983,6,-61,6,0,,20,,,PSK,CCMP
1217,60:32:B1:0E:56:A6,2022-04-06 10:25:17,1288196,MBG-Conf-3,16697591449984,5,-67,5,0,,20,,,PSK,CCMP TKIP
1217,64:6C:80:88:D5:74,2022-04-06 10:25:17,1288196,HP-Print-74-LaserJet Pro MFP,258408190,1,-41,1,0,,20,,,,
1217,70:6D:EC:03:12:C1,2022-04-06 10:25:17,1288196,RANEXT,955505575135,6,-62,6,0,,20,,,PSK,CCMP
1217,70:6D:EC:03:14:61,2022-04-06 10:25:17,1288196,RANEXT_Experience,955505835596,8,-40,8,0,,20,,,,
1217,70:6D:EC:03:14:71,2022-04-06 10:25:17,1288196,RANEXT_Experience,955505553551,11,-64,11,0,,20,,,,
1217,72:6D:EC:03:12:C1,2022-04-06 10:25:17,1288196,,955505574785,6,-64,6,0,,20,,,PSK,CCMP
1217,72:6D:EC:03:14:61,2022-04-06 10:25:17,1288196,RANEXT,955505837579,8,-38,8,0,,20,,,PSK,CCMP
1217,72:6D:EC:03:14:71,2022-04-06 10:25:17,1288196,RANEXT,955505555535,11,-63,11,0,,20,,,PSK,CCMP
1217,72:6D:EC:03:14:79,2022-04-06 10:25:17,1288196,,955508851584,6,-56,6,0,,20,,,PSK,CCMP
1217,72:6D:EC:03:14:89,2022-04-06 10:25:17,1288196,RANEXT,955509875584,10,-77,10,0,,20,,,PSK,CCMP
1217,76:6D:EC:03:14:61,2022-04-06 10:25:17,1288196,,955505881984,8,-34,8,0,,20,,,PSK,CCMP
1217,76:6D:EC:03:14:71,2022-04-06 10:25:17,1288196,,955505472384,11,-64,11,0,,20,,,PSK,CCMP
1217,76:6D:EC:03:14:89,2022-04-06 10:25:17,1288196,,955509875584,10,-67,10,0,,20,,,PSK,CCMP
1217,80:07:1B:D7:13:CB,2022-04-06 10:25:17,1288196,FTTH,9895439284,3,-29,3,0,,20,,,PSK,CCMP
1217,B2:7D:7B:E7:1A:CA,2022-04-06 10:25:17,1288196,Redmi 9 Prime,9501499410,6,-66,6,0,0,20,0,0,PSK,CCMP
1217,B4:C4:FC:BF:57:1C,2022-04-06 10:25:17,1288196,Redmi,111927467072,6,-76,6,0,0,20,0,0,PSK,CCMP
1217,E4:1F:7B:9D:90:A0,2022-04-06 10:25:17,1288196,x00x00x00x00x00x00,95647846411,11,-70,11,0,,20,,,IEEE 802.1X,CCMP
1217,F4:3E:62:5E:E2:B9,2022-04-06 10:25:17,1288196,SPACE,25884826142,1,-36,0,0,,,,,,
1238,70:B6:4F:29:79:2D,2022-04-06 02:24:18,1284460,Alfaz,673746216461,1,-56,1,0,,20,,,PSK,TKIP CCMP
1238,80:07:1B:84:7D:78,2022-04-06 02:24:18,1284460,Gulab,211425463615,1,-71,1,0,,20,,,PSK,TKIP CCMP
1238,C8:D7:79:7E:E1:7F,2022-04-06 02:24:18,1284460,JioFi2_7EE17F,268783343456,7,-64,7,0,,20,,,PSK,CCMP
1266,38:E6:0A:01:3C:1D,2022-04-11 04:21:49,1335831,Darshux20,2731213189,6,-49,6,0,,20,,,PSK,CCMP
1266,54:47:E8:02:FD:0F,2022-04-11 04:21:49,1335831,Alhad,760814891,5,-36,5,0,,any,,,PSK,CCMP
1266,54:47:E8:02:FE:43,2022-04-11 04:21:49,1335831,A S Group,222394036,7,-48,7,0,,any,,,PSK,CCMP
1266,B4:F9:49:29:4C:18,2022-04-11 04:21:49,1335831,Veer Mobail,189568410,1,-82,1,0,,any,,,PSK,CCMP
1267,54:47:E8:5F:90:62,2022-04-09 08:24:18,1318196,ASWAD Wi-Fi,128809793198,11,-48,11,0,,any,,,PSK,CCMP
1267,C4:E9:0A:2E:20:7B,2022-04-09 08:24:18,1318196,Anandi Industries,20609359829,11,-92,11,0,,20,,,PSK,CCMP
1269,14:A7:2B:BF:11:A6,2022-04-11 01:09:35,1334596,Vivek_Sharma,61716403,5,-46,5,0,,any,,,PSK,TKIP CCMP
1269,58:D9:D5:AC:77:48,2022-04-11 01:09:35,1334596,Tenda_AC7748,13147646312,11,-58,11,0,,20,,,PSK,CCMP
1269,6C:C6:3B:A9:74:C9,2022-04-11 01:09:35,1334596,Kiara,427152557185,8,-51,8,0,,20,,,PSK,TKIP CCMP
1269,6C:C6:3B:AA:CB:E9,2022-04-11 01:09:35,1334596,libra,44296444,1,-71,1,0,,20,,,PSK,TKIP CCMP
1269,6E:C6:3B:9A:CB:E9,2022-04-11 01:09:35,1334596,ALHN-C04F-2,44304219,1,-71,1,0,,20,,,PSK,CCMP
1269,70:97:41:EB:45:FD,2022-04-11 01:09:35,1334596,Krishna jio 5G,427119710381,6,-64,6,0,,20,,,PSK,CCMP
1269,8C:A3:99:40:A6:D6,2022-04-11 01:09:35,1334596,JioFiber-,427116810487,11,-64,11,0,,20,,,PSK,CCMP
1269,8C:A3:99:61:4A:BE,2022-04-11 01:09:35,1334596,AaravWifi,427118582410,11,-60,11,0,,20,,,PSK,CCMP
1312,1C:82:59:B0:6F:7D,2022-04-10 03:27:17,1325899,SifySMAC3_20ATC0302387,2664823193987,6,-56,6,0,0,20,0,0,PSK,CCMP
1312,60:32:B1:E3:7D:D1,2022-04-10 03:27:17,1325899,Sweet home by FastNetx20,831872148992,10,-60,10,0,,20,,,PSK,TKIP CCMP
1312,7C:A9:6B:32:7D:F5,2022-04-10 03:27:17,1325899,madhepura2g,107417998,2,-62,2,0,,20,,,PSK,CCMP
1312,7C:A9:6B:CD:A9:45,2022-04-10 03:27:17,1325899,Ghosh Enterprises,665208987206,8,-63,8,0,,20,,,PSK,TKIP CCMP
1312,8A:A3:03:C1:5D:C6,2022-04-10 03:27:17,1325899,Galaxy A21s5DC6,924877188,11,-74,11,0,,20,,,PSK,CCMP
1312,E8:6E:44:80:A6:28,2022-04-10 03:27:17,1325899,JaiHanumanHardware,2506353333,8,-61,8,0,,20,,,PSK,TKIP CCMP
1315,00:31:92:85:98:8D,2022-04-11 05:13:02,1336242,TP-Link_988D,6880536156424,2,-59,2,0,,any,,,PSK,CCMP
1315,34:E9:11:8E:53:21,2022-04-11 05:13:02,1336242,vivo 1718,6486016389,11,-72,11,0,,20,,,PSK,CCMP
1315,38:6B:1C:B9:BF:A4,2022-04-11 05:13:02,1336242,MERCUSYS_BFA4,126876109,11,-76,11,0,,any,,,PSK,CCMP
1315,3C:84:6A:AE:53:CC,2022-04-11 05:13:02,1336242,TP-Link_53CC,121500855,4,-67,4,0,,any,,,PSK,CCMP
1315,6C:5A:B0:9C:21:55,2022-04-11 05:13:02,1336242,Uk,100592057,10,-40,10,0,,20,,,PSK,TKIP CCMP
1315,C0:06:C3:B5:7A:94,2022-04-11 05:13:02,1336242,All over okay,469334785927,1,-65,1,0,,any,,,PSK,CCMP
1315,C0:25:2F:04:D9:E8,2022-04-11 05:13:02,1336242,Chikoo,42147942826,1,-72,1,0,,any,,,PSK,CCMP
1348,04:95:E6:AB:B2:D0,2022-04-09 06:21:23,1317275,Tenda_ABB2D0,27217715582,7,-82,7,0,,20,,,PSK,CCMP
1348,28:AD:3E:14:90:5B,2022-04-09 06:21:23,1317275,MV28273742,9107334522,6,-75,0,0,,,,,,
1348,46:95:5F:8E:03:BB,2022-04-09 06:21:23,1317275,realme C15,53179392399,11,-66,11,0,0,20,0,0,PSK,CCMP
1348,60:A4:B7:E9:B6:84,2022-04-09 06:21:23,1317275,WSN Friday,283504713,6,-23,6,0,,20,,,PSK,CCMP
1348,6E:24:A6:69:7A:FF,2022-04-09 06:21:23,1317275,GDK VIBE YT,7988477195,1,-62,1,0,0,20,0,0,PSK,CCMP
1348,70:28:8B:B1:2E:81,2022-04-09 06:21:23,1317275,Bibin,100463363,11,-43,11,0,,20,,,PSK,CCMP
1348,70:6D:EC:FE:14:84,2022-04-09 06:21:23,1317275,Worldshore Public WiFi,27191193984,7,-78,7,0,,20,,,,
1348,70:6D:EC:FE:15:11,2022-04-09 06:21:23,1317275,Worldshore Public WiFi,27191092267,7,-59,7,0,,20,,,,
1348,9C:A3:A9:2F:3B:E5,2022-04-09 06:21:23,1317275,IPCF3791400212855,10249878995,1,-68,1,0,,20,,,PSK,CCMP
1348,A8:F5:AC:67:21:D4,2022-04-09 06:21:23,1317275,AL,95562787128,1,-71,1,0,,20,,,PSK,TKIP CCMP
1348,F4:8C:EB:19:5C:47,2022-04-09 06:21:23,1317275,M.A.Moideen,1036683776382,10,-86,10,0,,20,,,PSK,TKIP CCMP
1348,F8:C4:F3:4D:F4:D8,2022-04-09 06:21:23,1317275,AL V2,11994294486,3,-69,3,0,,any,,,PSK,TKIP CCMP
1365,2A:31:66:60:87:EF,2022-04-10 07:35:18,1327676,vivo 1726,343113921,11,-86,11,0,,20,,,PSK,CCMP
1366,54:47:E8:5C:16:A3,2022-04-07 11:04:17,1299325,mantupadhi,439602790807,1,-87,0,0,,,,,,
1366,FC:DD:55:A6:DB:BB,2022-04-07 11:04:17,1299325,Airtel-MyWiFi-AMF-311WW-DBBB,2353562000,10,-90,10,0,,any,,,PSK,TKIP CCMP
1367,30:8E:7A:55:AB:4A,2022-04-09 17:01:17,1321976,COFE_AB4A,0,1,-37,1,0,,any,,,PSK,CCMP
1367,DC:2C:6E:19:8C:3C,2022-04-09 17:01:17,1321976,SABKAWIFI_PMWANI2,4074598415,8,-30,8,0,,any,,,,
1378,0C:CB:85:B4:B2:19,2022-04-08 06:04:29,1307496,moto g (6) 1576,6086861189,9,-74,9,0,,20,,,PSK,CCMP
1378,14:A7:2B:E8:C8:11,2022-04-08 06:04:29,1307496,ASHANK-HOME,14874895662,7,-53,7,0,,20,,,PSK,TKIP CCMP
1378,1C:3B:F3:09:D2:58,2022-04-08 06:04:29,1307496,TP-Link_D258,11123099637,10,-57,10,0,,any,,,PSK,CCMP
1378,50:2B:73:7D:12:40,2022-04-08 06:04:29,1307496,KAAVYA ELECTRONICS,14911244026,7,-56,7,0,,20,,,PSK,CCMP
1378,50:2B:73:7D:12:41,2022-04-08 06:04:29,1307496,FREE WIFI xf0x9fx98x9d,14911246860,7,-56,7,0,,20,,,PSK,CCMP
1378,50:2B:73:7D:13:18,2022-04-08 06:04:29,1307496,ASHANK PM WANI WiFi,14912669804,1,-35,1,0,,20,,,,
1378,50:2B:73:D5:1E:71,2022-04-08 06:04:29,1307496,PM WANI SECTOR 22,479029987,4,-55,4,0,,20,,,PSK,CCMP
1378,5C:A6:E6:66:06:54,2022-04-08 06:04:29,1307496,ASHANK PM WANI WiFi,63283584,1,-51,1,0,,any,,,,
1378,BC:22:28:41:6C:B8,2022-04-08 06:04:29,1307496,T.H.O.R-ext,14912372003,11,-64,11,0,,any,,,PSK,CCMP
1378,C8:3A:35:16:DA:F8,2022-04-08 06:04:29,1307496,T.H.O.R,14892032407,11,-66,11,0,,any,,,PSK,CCMP
1378,E2:0C:6D:05:3C:B6,2022-04-08 06:04:29,1307496,POCO M2,220583256968,11,-68,11,0,0,20,0,0,PSK,CCMP
1383,00:15:67:F7:85:AA,2022-04-10 04:50:17,1326441,R-P15080I200T04500,68306358,6,-77,6,0,0,20,0,0,PSK,CCMP
1383,0E:FE:5D:D0:92:15,2022-04-10 04:50:17,1326441,,20820808652801,11,-73,11,0,,20,,,PSK,CCMP
1383,14:B2:E5:16:E7:3C,2022-04-10 04:50:17,1326441,MAS-TEL_E73C,0,6,-84,6,0,,any,,,PSK,CCMP
1383,34:0A:33:7B:CC:C4,2022-04-10 04:50:17,1326441,dlink-CCBD,123674890,7,-79,7,0,,any,,,PSK,TKIP CCMP
1383,7C:A9:6B:28:B6:A0,2022-04-10 04:50:17,1326441,FTTH2.4G-B6A0,110116264,2,-64,2,0,,20,,,PSK,CCMP
1383,E2:53:BB:B7:11:F2,2022-04-10 04:50:17,1326441,OnePlus 6,4980535121,5,-86,5,0,0,20,0,0,PSK,CCMP
1397,B0:A7:B9:4D:52:35,2022-04-10 15:35:08,1331127,Reyansh _4g,97775116,9,-43,9,0,,any,,,PSK,CCMP
1429,18:56:44:48:6B:04,2022-04-08 09:30:49,1308996,Airtel_8982380224,698975679035,11,-68,11,0,,20,,,PSK,CCMP TKIP
1429,1A:E8:29:5A:62:11,2022-04-08 09:30:49,1308996,Fern_Guest_WiFi,839000883584,1,-78,1,0,,20,,,,
1429,8C:A3:99:9F:6E:76,2022-04-08 09:30:49,1308996,Basu Communication,12483454,6,-65,6,0,,20,,,PSK,CCMP
1429,A8:DA:0C:BB:E3:20,2022-04-08 09:30:49,1308996,sonu 4,12450854,6,-50,6,0,,20,,,PSK,CCMP
1429,C4:12:F5:74:03:96,2022-04-08 09:30:49,1308996,Sid Home,93193223,10,-54,10,0,,20,,,PSK,TKIP CCMP
1429,F8:C4:F3:7C:1A:2D,2022-04-08 09:30:49,1308996,Sampurna Wifi,73523616,11,-57,11,0,,any,,,PSK,TKIP CCMP
1434,04:95:E6:B7:64:D0,2022-04-11 11:50:17,1339161,Tenda_B764D0x20,51585434834,2,-80,2,0,,20,,,PSK,CCMP
1434,14:A7:2B:32:9D:4C,2022-04-11 11:50:17,1339161,x20HENA,18022791,1,-68,1,0,,any,,,PSK,CCMP
1434,14:A7:2B:77:22:D5,2022-04-11 11:50:17,1339161,VIVEK,99301259,11,-58,11,0,,any,,,PSK,CCMP
1434,5C:C3:07:08:F5:B6,2022-04-11 11:50:17,1339161,jacob,102471047,11,-88,11,0,,20,,,PSK,CCMP TKIP
1434,BC:62:D2:4E:A8:60,2022-04-11 11:50:17,1339161,PRAMOD MEDICAL,106598805,4,-81,4,0,,any,,,PSK,TKIP CCMP
1434,BC:62:D2:4F:08:F0,2022-04-11 11:50:17,1339161,GNXS-4F08F0,914429092,2,-74,2,0,,any,,,PSK,TKIP CCMP
1434,BC:62:D2:50:09:58,2022-04-11 11:50:17,1339161,Aman,106803602,5,-68,5,0,,any,,,PSK,TKIP CCMP
1434,BC:62:D2:C6:60:22,2022-04-11 11:50:17,1339161,AKASHARA CENTREx20,88969726,1,-55,1,0,,any,,,PSK,TKIP CCMP
1434,BC:62:D2:D0:82:68,2022-04-11 11:50:17,1339161,BSNL FTTH,434647450015,8,-86,8,0,,20,,,PSK,TKIP CCMP
1434,C4:70:0B:D0:77:74,2022-04-11 11:50:17,1339161,SREELATHA,89497998,9,-92,9,0,,any,,,PSK,CCMP
1444,C0:25:2F:28:F2:94,2022-04-11 07:22:17,1337199,ASTHA MEDICAL,1748319310181,2,-67,2,0,,any,,,PSK,CCMP
1447,56:E4:0B:1C:E0:A5,2022-04-05 08:00:02,1276580,AndroidShare_3754,36579086,6,-53,6,0,0,20,0,0,PSK,CCMP
1447,A0:47:D7:19:0E:30,2022-04-05 08:00:02,1276580,kiit,512019456409,6,-59,6,0,,any,,,PSK,CCMP
1450,10:27:F5:E3:26:E8,2022-04-10 16:00:18,1331318,BBNL_O,37339587671,1,-52,1,0,,any,,,PSK,CCMP
1450,34:E9:11:6B:C2:F1,2022-04-10 16:00:18,1331318,vivo 1724,4532941189,1,-92,1,0,,20,,,PSK,CCMP
1450,38:6B:1C:B8:D0:4A,2022-04-10 16:00:18,1331318,Goairnet,372428390808,2,-90,2,0,,any,,,PSK,CCMP
1450,70:6D:EC:FE:14:2A,2022-04-10 16:00:18,1331318,PDO_SANJESH,34468484969,1,-50,1,0,,20,,,,
1451,10:27:F5:E3:26:E8,2022-04-11 03:12:17,1335337,BBNL_O,77658197329,1,-78,1,0,,any,,,PSK,CCMP
1451,70:6D:EC:FE:0F:4A,2022-04-11 03:12:17,1335337,PDO_SANJESH,132026667,11,-56,11,0,,20,,,,
1454,94:98:69:63:89:22,2022-04-08 06:45:15,1307793,Rainbow,146042336,9,-60,9,0,,20,,,PSK,TKIP CCMP
1460,1C:18:4A:3E:0B:E0,2022-04-11 09:29:17,1338118,Shambhu ji,269107602,9,-89,9,0,,any,,,PSK,CCMP
1460,1E:18:4A:1E:0B:E0,2022-04-11 09:29:17,1338118,,269107593,9,-91,9,0,,any,,,PSK,CCMP
1460,1E:18:4A:2E:0B:E0,2022-04-11 09:29:17,1338118,,269107624,9,-92,9,0,,any,,,,
1460,60:8E:08:2B:B8:66,2022-04-11 09:29:17,1338118,AndroidAP,91078085200,6,-88,6,0,,20,,,PSK,CCMP
1460,A0:AB:1B:E1:4E:C9,2022-04-11 09:29:17,1338118,BRS,198718046995,11,-90,11,0,,any,,,PSK,CCMP
1460,BC:0F:9A:D0:D3:1A,2022-04-11 09:29:17,1338118,DIR-825-D317,9095282424,1,-82,1,0,,any,,,PSK,CCMP
1465,08:02:8E:E6:7A:B8,2022-04-11 04:15:38,1335790,KTM,80954449,1,-33,1,0,,any,,,PSK,CCMP
1465,5C:F9:FD:8B:89:19,2022-04-11 04:15:38,1335790,ktm2021,3533616651,3,-43,3,0,,20,,,PSK,CCMP
1465,6C:DF:FB:22:DF:F0,2022-04-11 04:15:38,1335790,JioFiber-rgRP2,3509143734,7,-46,7,0,,20,,,PSK,CCMP
1465,AC:37:28:86:7F:39,2022-04-11 04:15:38,1335790,Airtel_9847175850,243981785729,9,-83,9,0,,20,,,PSK,TKIP CCMP
1465,F0:B4:D2:29:22:CE,2022-04-11 04:15:38,1335790,Devikahome,75571130958,11,-73,11,0,,20,,,PSK,CCMP
1476,04:95:E6:BB:35:30,2022-04-04 04:04:18,1265879,Tenda_BB3530,20802765182,4,-69,4,0,,20,,,PSK,CCMP
1476,30:B6:2D:B1:1D:00,2022-04-04 04:04:18,1265879,JioPrivateNet,245050061187,11,-64,11,0,,20,,,IEEE 802.1X,CCMP
1476,50:2B:73:44:F2:A1,2022-04-04 04:04:18,1265879,Yash,36699955229,8,-74,8,0,,20,,,PSK,CCMP
1476,54:47:E8:11:07:38,2022-04-04 04:04:18,1265879,www.excitel.com,174936576669,7,-79,7,0,,20,,,PSK,CCMP
1476,58:D7:59:32:97:88,2022-04-04 04:04:18,1265879,Remits1,4378284002,11,-30,11,0,,20,,,PSK,CCMP
1476,5C:EA:1D:4A:DA:1C,2022-04-04 04:04:18,1265879,HP-Print-1C-LaserJet Pro MFP,202940390632,11,-50,11,0,,20,,,PSK,TKIP CCMP
1476,64:66:B3:41:F6:C4,2022-04-04 04:04:18,1265879,TP-LINK_41F6C4,3907236907,10,-51,10,0,,any,,,PSK,CCMP
1476,74:DA:DA:1A:E7:6B,2022-04-04 04:04:18,1265879,Uiic,591601666578,11,-81,11,0,,20,,,PSK,TKIP CCMP
1476,78:D3:8D:FD:ED:01,2022-04-04 04:04:18,1265879,Wireless 2.4G,1725222504650,7,-70,7,0,,20,,,PSK,CCMP TKIP
1476,7C:A9:6B:07:C8:50,2022-04-04 04:04:18,1265879,Remits,4365559767,6,-32,6,0,,any,,,PSK,CCMP
1476,A8:9D:D2:10:75:F8,2022-04-04 04:04:18,1265879,SAICON5,12496234843,11,-41,11,0,,20,,,,
1476,B2:22:7A:5A:B1:22,2022-04-04 04:04:18,1265879,DIRECT-22-HP Laser 138fnw,45580641928,1,-74,1,0,,20,,,PSK,CCMP
1476,B8:C1:A2:65:9A:E7,2022-04-04 04:04:18,1265879,VJ LAW OFFICE,570034995582,1,-74,1,0,,any,,,PSK,TKIP CCMP
1476,F8:C4:F3:2A:A7:00,2022-04-04 04:04:18,1265879,Jai Mata Di,1725265203582,11,-58,11,0,,any,,,PSK,TKIP CCMP
1476,F8:C4:F3:35:13:60,2022-04-04 04:04:18,1265879,INSURG,3967035100864,2,-66,2,0,,any,,,PSK,TKIP CCMP
1476,F8:C4:F3:35:13:61,2022-04-04 04:04:18,1265879,Airtel_1,3967035190049,2,-65,2,0,,any,,,PSK,TKIP CCMP
1476,F8:C4:F3:3F:3A:58,2022-04-04 04:04:18,1265879,Airtel_9899372907,257736808,1,-52,1,0,,any,,,PSK,TKIP CCMP
1483,08:02:8E:48:63:A0,2022-04-02 16:41:16,1258848,IKPB 1-1,128472781206,11,-44,11,0,,20,,,PSK,CCMP TKIP
1483,08:02:8E:48:67:C0,2022-04-02 16:41:16,1258848,IKPB G3,475312732739,1,-86,1,0,,20,,,PSK,CCMP TKIP
1483,08:02:8E:48:68:60,2022-04-02 16:41:16,1258848,IKPB 1-2,475422413192,11,-69,11,0,,20,,,PSK,CCMP TKIP
1483,08:02:8E:48:6F:C0,2022-04-02 16:41:16,1258848,IKPB G1,475314995592,1,-63,1,0,,20,,,PSK,CCMP TKIP
1483,70:6D:EC:03:08:36,2022-04-02 16:41:16,1258848,VG-Demo,20111157268,6,-35,6,0,,20,,,,
1483,70:6D:EC:04:15:50,2022-04-02 16:41:16,1258848,CINCIN,190153113984,11,-14,11,0,,20,,,,
1483,70:6D:EC:0D:10:58,2022-04-02 16:41:16,1258848,,33017651517,11,-32,11,0,,20,,,,
1483,70:6D:EC:0D:10:59,2022-04-02 16:41:16,1258848,GSWAVEx20,33017960316,11,-33,11,0,,20,,,PSK,CCMP
1483,70:6D:EC:0D:10:5A,2022-04-02 16:41:16,1258848,,33018064738,11,-30,11,0,,20,,,,
1483,72:6D:EC:03:08:36,2022-04-02 16:41:16,1258848,,20111462784,6,-33,6,0,,20,,,PSK,CCMP
1483,8C:3B:AD:86:67:80,2022-04-02 16:41:16,1258848,IKPB 2-2,287513978056,1,-83,1,0,,20,,,PSK,CCMP TKIP
1483,8C:3B:AD:86:70:80,2022-04-02 16:41:16,1258848,IKPB 2-4,7180288403,1,-74,1,0,,20,,,PSK,CCMP TKIP
1483,8C:3B:AD:86:86:20,2022-04-02 16:41:16,1258848,IKPB 1-4,312543846807,1,-62,1,0,,20,,,PSK,CCMP TKIP
1483,8C:3B:AD:86:89:60,2022-04-02 16:41:16,1258848,IKPB 2-5,108200555765,1,-79,1,0,,20,,,PSK,CCMP TKIP
1483,8C:3B:AD:86:8C:A0,2022-04-02 16:41:16,1258848,IKPB 2-3,475309947084,1,-83,1,0,,20,,,PSK,CCMP TKIP
1483,8C:3B:AD:86:98:E0,2022-04-02 16:41:16,1258848,IKPB 1-5,475313237591,1,-66,1,0,,20,,,PSK,CCMP TKIP
1483,8C:3B:AD:86:99:60,2022-04-02 16:41:16,1258848,IKPB G4,110934733200,1,-65,1,0,,20,,,PSK,CCMP TKIP
1486,14:A7:2B:01:CD:18,2022-04-09 14:54:17,1321098,pgc,948838782,9,-84,9,0,,20,,,PSK,CCMP
1486,34:E3:80:48:46:A8,2022-04-09 14:54:17,1321098,GNXS-4846A8,28908377467,8,-82,8,0,,any,,,PSK,TKIP CCMP
1486,60:A4:B7:E9:BB:69,2022-04-09 14:54:17,1321098,BVT-2.4,36342206654,10,-25,10,0,,any,,,PSK,TKIP CCMP
1486,64:FB:92:30:7F:4A,2022-04-09 14:54:17,1321098,Mannath,23449293209,10,-67,10,0,,any,,,PSK,CCMP
1486,BC:62:D2:95:E0:F8,2022-04-09 14:54:17,1321098,C I Homes,32393318798,11,-73,11,0,,20,,,PSK,TKIP CCMP
1486,BC:62:D2:BA:54:11,2022-04-09 14:54:17,1321098,BVT-2.4,37457641802,10,-52,10,0,,any,,,PSK,TKIP CCMP
1486,BC:62:D2:BC:5A:21,2022-04-09 14:54:17,1321098,GNXS-2.4G-BC5A20,23433318816,10,-83,10,0,,any,,,PSK,CCMP
1486,BC:62:D2:DF:F7:78,2022-04-09 14:54:17,1321098,GNXS-dff778,32395804911,8,-79,8,0,,any,,,PSK,TKIP CCMP
1486,E4:47:B3:96:C4:A0,2022-04-09 14:54:17,1321098,ZTE-gSuX7S,7009526391084,1,-73,1,0,,20,,,PSK,TKIP CCMP
1497,08:02:8E:48:63:A0,2022-04-04 07:23:16,1266475,IKPB 1-1,267789827389,11,-50,11,0,,20,,,PSK,CCMP TKIP
1497,08:02:8E:48:6F:C0,2022-04-04 07:23:16,1266475,IKPB G1,614632450819,1,-58,1,0,,20,,,PSK,CCMP TKIP
1497,70:6D:EC:03:08:36,2022-04-04 07:23:16,1266475,VG-Demo,108869342577,6,-41,6,0,,20,,,,
1497,70:6D:EC:04:15:50,2022-04-04 07:23:16,1266475,CINCIN,329471632480,11,-13,11,0,,20,,,,
1497,70:6D:EC:0D:10:58,2022-04-04 07:23:16,1266475,,2846515988,11,-28,11,0,,20,,,,
1497,70:6D:EC:0D:10:59,2022-04-04 07:23:16,1266475,GSWAVEx20,2846825340,11,-29,11,0,,20,,,PSK,CCMP
1497,72:6D:EC:03:08:36,2022-04-04 07:23:16,1266475,,108869325184,6,-41,6,0,,20,,,PSK,CCMP
1497,8C:3B:AD:86:86:20,2022-04-04 07:23:16,1266475,IKPB 1-4,451861607462,1,-66,1,0,,20,,,PSK,CCMP TKIP
1497,8C:3B:AD:86:89:60,2022-04-04 07:23:16,1266475,IKPB 2-5,247517493682,1,-73,1,0,,20,,,PSK,CCMP TKIP
1497,8C:3B:AD:86:8D:80,2022-04-04 07:23:16,1266475,IKPB 2-6,9156915589,6,-61,6,0,,20,,,PSK,CCMP TKIP
1497,8C:3B:AD:86:98:E0,2022-04-04 07:23:16,1266475,IKPB 1-5,614630117250,1,-64,1,0,,20,,,PSK,CCMP TKIP
1497,8C:3B:AD:86:99:60,2022-04-04 07:23:16,1266475,IKPB G4,250251879145,1,-66,1,0,,20,,,PSK,CCMP TKIP
1497,C8:D7:79:F2:0C:9D,2022-04-04 07:23:16,1266475,JioFi3,7004365191,10,-60,10,0,,20,,,PSK,CCMP
1499,0C:D2:B5:66:1A:22,2022-04-06 04:28:31,1285344,connect sewa,4723405159,1,-63,1,0,,any,,,PSK,CCMP
1499,10:10:81:E1:69:98,2022-04-06 04:28:31,1285344,SSID1,176151691151,7,-55,7,0,,20,,,,
1499,12:10:81:E1:69:98,2022-04-06 04:28:31,1285344,Hardeepx20,176151699675,7,-53,7,0,,20,,,PSK,CCMP
1499,24:0B:88:5A:FD:79,2022-04-06 04:28:31,1285344,Sewa,4682880578,4,-50,4,0,,20,,,PSK,TKIP CCMP
1499,C2:9F:E1:EA:3F:D4,2022-04-06 04:28:31,1285344,ZTE-gYbhpR,2123266201955,10,-71,10,0,,any,,,PSK,TKIP CCMP
1499,DE:F8:B9:E7:56:FE,2022-04-06 04:28:31,1285344,ZTE_2.4G_U4t6R4,124088525196,1,-74,1,0,,20,,,PSK,TKIP CCMP
1499,E2:19:54:E6:81:12,2022-04-06 04:28:31,1285344,Adhyan.22,248847867953,6,-74,6,0,,20,,,PSK,TKIP CCMP
1502,00:17:7C:5B:34:20,2022-04-04 10:33:50,1267609,HSPD01,2463735586,6,-51,6,0,,any,,,PSK,CCMP
1502,38:6B:1C:94:CB:5E,2022-04-04 10:33:50,1267609,Rahul Magnur,1200770104584,4,-84,4,0,,any,,,PSK,CCMP
1504,60:A4:B7:FE:02:6E,2022-04-04 08:45:16,1266740,Zore Internet _EXT,686155449670,11,-68,11,0,,20,,,PSK,CCMP
1504,E8:48:B8:7F:E8:9E,2022-04-04 08:45:16,1266740,Zore Internetx20,2082661949,11,-17,11,0,,any,,,PSK,CCMP
1505,00:17:7C:9A:54:84,2022-04-10 07:39:16,1327705,AshwiniGraphics,3393948316,3,-50,0,0,,,,,,
1505,A0:47:D7:21:20:D0,2022-04-10 07:39:16,1327705,ZIST,146518102,6,-62,6,0,,any,,,PSK,CCMP
1506,00:04:EA:1E:3C:79,2022-04-04 09:29:17,1267104,DIRECT-AA-HP DeskJet 2600 series,1718458030,6,-66,6,0,,20,,,PSK,CCMP
1506,08:02:8E:48:63:A0,2022-04-04 09:29:17,1267104,IKPB 1-1,275350016639,11,-50,11,0,,20,,,PSK,CCMP TKIP
1506,08:02:8E:48:67:C0,2022-04-04 09:29:17,1267104,IKPB G3,622189831415,1,-80,1,0,,20,,,PSK,CCMP TKIP
1506,08:02:8E:48:68:60,2022-04-04 09:29:17,1267104,IKPB 1-2,622299853214,11,-67,11,0,,20,,,PSK,CCMP TKIP
1506,30:49:50:26:E8:E9,2022-04-04 09:29:17,1267104,bhakti_2G,543375053204,6,-86,6,0,,20,,,PSK,CCMP
1506,3C:57:6C:D5:CB:77,2022-04-04 09:29:17,1267104,AndroidAPCB77,4280321332,11,-90,11,0,,20,,,PSK,CCMP
1506,70:6D:EC:03:08:36,2022-04-04 09:29:17,1267104,VG-Demo,116429727445,6,-42,6,0,,20,,,,
1506,70:6D:EC:04:15:50,2022-04-04 09:29:17,1267104,CINCIN,337031987584,11,-13,11,0,,20,,,,
1506,70:6D:EC:0D:10:58,2022-04-04 09:29:17,1267104,,10407226092,11,-30,11,0,,20,,,,
1506,70:6D:EC:0D:10:59,2022-04-04 09:29:17,1267104,GSWAVEx20,10407238741,11,-35,11,0,,20,,,PSK,CCMP
1506,70:6D:EC:0D:10:5A,2022-04-04 09:29:17,1267104,,10407235842,11,-36,11,0,,20,,,,
1506,72:6D:EC:03:08:36,2022-04-04 09:29:17,1267104,,116429725719,6,-42,6,0,,20,,,PSK,CCMP
1506,8C:3B:AD:86:86:20,2022-04-04 09:29:17,1267104,IKPB 1-4,459421800639,1,-66,1,0,,20,,,PSK,CCMP TKIP
1506,8C:3B:AD:86:89:60,2022-04-04 09:29:17,1267104,IKPB 2-5,255077686863,1,-72,1,0,,20,,,PSK,CCMP TKIP
1506,8C:3B:AD:86:8D:80,2022-04-04 09:29:17,1267104,IKPB 2-6,6789121161,6,-62,6,0,,20,,,PSK,CCMP TKIP
1506,8C:3B:AD:86:98:E0,2022-04-04 09:29:17,1267104,IKPB 1-5,622190363894,1,-70,1,0,,20,,,PSK,CCMP TKIP
1506,8C:3B:AD:86:99:60,2022-04-04 09:29:17,1267104,IKPB G4,257812070810,1,-68,1,0,,20,,,PSK,CCMP TKIP
1506,CA:E7:DA:D1:82:C5,2022-04-04 09:29:17,1267104,LISTY 1314,6218909175,11,-60,11,0,,20,,,PSK,CCMP
1508,00:06:AE:F3:6A:84,2022-04-11 04:06:18,1335719,JioPrivateNet,306645068,11,-72,11,0,0,20,0,0,IEEE 802.1X FT/IEEE ,CCMP
1508,00:31:92:53:A3:D8,2022-04-11 04:06:18,1335719,Hare Krishna,171533385164,10,-62,10,0,,any,,,PSK,TKIP CCMP
1508,18:A6:F7:40:CA:7A,2022-04-11 04:06:18,1335719,Unnu,171512116381,11,-70,11,0,,any,,,PSK,CCMP
1508,38:6B:1C:68:2D:38,2022-04-11 04:06:18,1335719,JIGRI NETWORK,171538057302,2,-40,2,0,,any,,,PSK,CCMP
1508,98:DE:D0:31:08:2C,2022-04-11 04:06:18,1335719,Jkbroadband,34680735726,5,-56,5,0,,any,,,PSK,CCMP
1508,B0:BE:76:75:0F:3C,2022-04-11 04:06:18,1335719,Heet,70647260278,1,-77,1,0,,any,,,PSK,CCMP
1508,FA:D0:27:6C:38:8F,2022-04-11 04:06:18,1335719,DIRECT-276CB88F,9222864213,11,-63,11,0,,20,,,PSK,CCMP
1509,00:04:EA:1E:3C:79,2022-04-04 10:05:15,1267381,DIRECT-AA-HP DeskJet 2600 series,3877894760,6,-59,6,0,,20,,,PSK,CCMP
1509,08:02:8E:48:63:A0,2022-04-04 10:05:15,1267381,IKPB 1-1,277509735828,11,-48,11,0,,20,,,PSK,CCMP TKIP
1509,08:02:8E:48:68:60,2022-04-04 10:05:15,1267381,IKPB 1-2,624459366794,11,-67,11,0,,20,,,PSK,CCMP TKIP
1509,70:6D:EC:03:08:36,2022-04-04 10:05:15,1267381,VG-Demo,118589292981,6,-37,6,0,,20,,,,
1509,70:6D:EC:04:15:50,2022-04-04 10:05:15,1267381,CINCIN,339191543882,11,-12,11,0,,20,,,,
1509,70:6D:EC:0D:10:58,2022-04-04 10:05:15,1267381,,12566837688,11,-34,11,0,,20,,,,
1509,70:6D:EC:0D:10:59,2022-04-04 10:05:15,1267381,GSWAVEx20,12566828829,11,-31,11,0,,20,,,PSK,CCMP
1509,70:6D:EC:0D:10:5A,2022-04-04 10:05:15,1267381,,12566841301,11,-31,11,0,,20,,,,
1509,72:6D:EC:03:08:36,2022-04-04 10:05:15,1267381,,118589337984,6,-40,6,0,,20,,,PSK,CCMP
1509,8C:3B:AD:86:70:80,2022-04-04 10:05:15,1267381,IKPB 2-4,18761527181,1,-68,1,0,,20,,,PSK,CCMP TKIP
1509,8C:3B:AD:86:86:20,2022-04-04 10:05:15,1267381,IKPB 1-4,461581414809,1,-59,1,0,,20,,,PSK,CCMP TKIP
1509,8C:3B:AD:86:8D:80,2022-04-04 10:05:15,1267381,IKPB 2-6,8948736663,6,-62,6,0,,20,,,PSK,CCMP TKIP
1509,8C:3B:AD:86:98:E0,2022-04-04 10:05:15,1267381,IKPB 1-5,624349892446,1,-62,1,0,,20,,,PSK,CCMP TKIP
1515,08:02:8E:48:63:A0,2022-04-05 04:45:03,1275013,IKPB 1-1,344696218006,11,-45,11,0,,20,,,PSK,CCMP TKIP
1515,08:02:8E:48:68:60,2022-04-05 04:45:03,1275013,IKPB 1-2,691645850791,11,-62,11,0,,20,,,PSK,CCMP TKIP
1515,70:6D:EC:04:15:50,2022-04-05 04:45:03,1275013,NARA,663143815,11,-15,11,0,,20,,,,
1515,70:6D:EC:0D:10:58,2022-04-05 04:45:03,1275013,,27171533113,11,-32,11,0,,20,,,,
1515,70:6D:EC:0D:10:59,2022-04-05 04:45:03,1275013,GSWAVEx20,27171582144,11,-31,11,0,,20,,,PSK,CCMP
1515,78:98:E8:28:47:45,2022-04-05 04:45:03,1275013,KESARKAR,1432985982,11,-83,11,0,,20,,,PSK,CCMP
1515,8C:3B:AD:86:70:80,2022-04-05 04:45:03,1275013,IKPB 2-4,85948113433,1,-71,1,0,,20,,,PSK,CCMP TKIP
1515,8C:3B:AD:86:86:20,2022-04-05 04:45:03,1275013,IKPB 1-4,528768106701,1,-67,1,0,,20,,,PSK,CCMP TKIP
1515,8C:3B:AD:86:89:60,2022-04-05 04:45:03,1275013,IKPB 2-5,324423723211,1,-78,1,0,,20,,,PSK,CCMP TKIP
1515,8C:3B:AD:86:98:E0,2022-04-05 04:45:03,1275013,IKPB 1-5,691536307144,1,-60,1,0,,20,,,PSK,CCMP TKIP
1516,00:04:EA:1E:3C:79,2022-04-05 09:14:16,1277174,DIRECT-AA-HP DeskJet 2600 series,5520334648,6,-52,6,0,,20,,,PSK,CCMP
1516,08:02:8E:48:63:A0,2022-04-05 09:14:16,1277174,IKPB 1-1,360848998798,11,-50,11,0,,20,,,PSK,CCMP TKIP
1516,08:02:8E:48:68:60,2022-04-05 09:14:16,1277174,IKPB 1-2,707798630793,11,-69,11,0,,20,,,PSK,CCMP TKIP
1516,08:02:8E:48:6F:C0,2022-04-05 09:14:16,1277174,IKPB G1,707691827595,1,-59,1,0,,20,,,PSK,CCMP TKIP
1516,3C:57:6C:D5:CB:77,2022-04-05 09:14:16,1277174,AndroidAPCB77,16149625553,6,-77,6,0,,20,,,PSK,CCMP
1516,70:6D:EC:04:15:50,2022-04-05 09:14:16,1277174,Worldshore Public WiFi,10847949225,7,-13,7,0,,20,,,,
1516,78:98:E8:28:47:45,2022-04-05 09:14:16,1277174,KESARKAR,17586176382,11,-85,11,0,,20,,,PSK,CCMP
1516,8C:3B:AD:86:67:80,2022-04-05 09:14:16,1277174,IKPB 2-2,13847441062,11,-79,11,0,,20,,,PSK,CCMP TKIP
1516,8C:3B:AD:86:89:60,2022-04-05 09:14:16,1277174,IKPB 2-5,340576571488,1,-84,1,0,,20,,,PSK,CCMP TKIP
1516,8C:3B:AD:86:8D:80,2022-04-05 09:14:16,1277174,IKPB 2-6,92288307589,6,-53,6,0,,20,,,PSK,CCMP TKIP
1516,8C:3B:AD:86:98:E0,2022-04-05 09:14:16,1277174,IKPB 1-5,707689053984,1,-64,1,0,,20,,,PSK,CCMP TKIP
1516,8C:3B:AD:86:99:60,2022-04-05 09:14:16,1277174,IKPB G4,343310746253,1,-71,1,0,,20,,,PSK,CCMP TKIP
1516,CA:2F:67:42:BA:84,2022-04-05 09:14:16,1277174,realme 7,1795737522,11,-88,11,0,0,20,0,0,PSK,CCMP
1517,00:A0:0A:22:52:50,2022-04-05 11:52:21,1278510,JioNet,3586447,1,-69,1,0,,20,,,,
1517,00:A0:0A:23:08:50,2022-04-05 11:52:21,1278510,JioNet,4199376,6,-68,6,0,,20,,,,
1517,1C:7E:E5:5A:DA:C1,2022-04-05 11:52:21,1278510,QA-AP-1,21504408240086,6,-57,6,0,,20,,,,
1517,5C:A6:E6:E7:D0:74,2022-04-05 11:52:21,1278510,VARAD PROPERTYx20,449571942804,9,-66,9,0,,any,,,PSK,CCMP
1517,62:33:2C:00:06:49,2022-04-05 11:52:21,1278510,,230169601,6,-55,6,0,,20,,,,
1517,68:33:2C:00:06:49,2022-04-05 11:52:21,1278510,Bridged_SSID_325Ac,230195201,6,-55,6,0,,20,,,,
1517,68:33:2C:00:3D:6D,2022-04-05 11:52:21,1278510,Sanity @QA -2022,80423794616,6,-30,6,0,,20,,,PSK,CCMP TKIP
1517,68:33:2C:00:3D:E1,2022-04-05 11:52:21,1278510,1x-Guest1,0,11,-30,11,0,,20,,,IEEE 802.1X IEEE 802,CCMP
1517,68:33:2C:00:41:E5,2022-04-05 11:52:21,1278510,Sanity @QA -2022,7246336750,1,-72,1,0,,20,,,PSK,CCMP TKIP
1517,6A:33:2C:00:06:49,2022-04-05 11:52:21,1278510,PARLE_192,230220801,6,-55,6,0,,20,,,,
1517,6E:33:2C:00:06:49,2022-04-05 11:52:21,1278510,PARLE_12,230246401,6,-41,6,0,,20,,,,
1517,70:6D:EC:03:00:F1,2022-04-05 11:52:21,1278510,Sanity @QA -2022,79810253184,11,-58,11,0,,20,,,PSK,CCMP TKIP
1517,70:6D:EC:03:07:22,2022-04-05 11:52:21,1278510,chayatest,15489536655,6,-34,6,0,,20,,,,
1517,70:6D:EC:03:0E:48,2022-04-05 11:52:21,1278510,MAR15_2g,19598233984,4,-52,4,0,,20,,,,
1517,70:6D:EC:0A:4C:20,2022-04-05 11:52:21,1278510,Vacasa Vacation Home,330243682177,11,-28,11,0,,20,,,,
1517,70:6D:EC:0A:83:30,2022-04-05 11:52:21,1278510,,8313242653,1,-36,1,0,,20,,,PSK,CCMP TKIP
1517,70:6D:EC:0A:87:18,2022-04-05 11:52:21,1278510,INDIO-Guest,2323573556,11,-26,11,0,,20,,,,
1517,70:6D:EC:0A:8A:14,2022-04-05 11:52:21,1278510,,4948712871878,11,-28,11,0,,20,,,PSK,CCMP TKIP
1517,70:6D:EC:0D:10:98,2022-04-05 11:52:21,1278510,BB_Instant_Free_Wifi,1605389931,1,-36,1,0,,20,,,,
1517,70:6D:EC:0D:10:99,2022-04-05 11:52:21,1278510,InternalWifi,1605390287,1,-36,1,0,,20,,,PSK,CCMP
1517,70:6D:EC:0E:30:8C,2022-04-05 11:52:21,1278510,Sanity @QA -2022,11540294375,1,-43,1,0,,20,,,PSK,CCMP TKIP
1517,70:6D:EC:FE:01:FD,2022-04-05 11:52:21,1278510,SSID-01,16938647084,6,-27,6,0,,20,,,PSK,CCMP TKIP
1517,70:6D:EC:FE:0D:40,2022-04-05 11:52:21,1278510,WiFiSoft-CloudMax,1394676949,11,-21,11,0,,20,,,,
1517,72:6D:EC:03:0E:48,2022-04-05 11:52:21,1278510,,19598234153,4,-51,4,0,,20,,,PSK,CCMP
1517,72:6D:EC:0A:4C:20,2022-04-05 11:52:21,1278510,,330243584384,11,-27,11,0,,20,,,PSK,CCMP TKIP
1517,72:6D:EC:0A:83:30,2022-04-05 11:52:21,1278510,INDIO-cast-failover,8313240174,1,-35,1,0,,20,,,PSK,CCMP TKIP
1517,72:6D:EC:0A:87:18,2022-04-05 11:52:21,1278510,INDIO,2323558784,11,-26,11,0,,20,,,PSK,CCMP
1517,72:6D:EC:0A:8A:14,2022-04-05 11:52:21,1278510,INDIO-cast-failover,4948712769798,11,-27,11,0,,20,,,PSK,CCMP TKIP
1517,72:6D:EC:FE:0D:40,2022-04-05 11:52:21,1278510,WiFiSoft-SmartAP,1394679121,11,-21,11,0,,20,,,PSK,CCMP
1517,76:6D:EC:0A:4C:20,2022-04-05 11:52:21,1278510,,330243589663,11,-33,11,0,,20,,,PSK,CCMP TKIP
1517,76:6D:EC:0A:87:18,2022-04-05 11:52:21,1278510,INDIO-Admin,2323559296,11,-26,11,0,,20,,,PSK,CCMP
1517,76:6D:EC:FE:0D:40,2022-04-05 11:52:21,1278510,WiFiSoft-Admin,1394689892,11,-19,11,0,,20,,,PSK,CCMP
1517,84:C9:B2:2A:A3:53,2022-04-05 11:52:21,1278510,QA-AP-3,17362803429233,11,-43,11,0,,20,,,PSK,TKIP
1517,E8:6F:38:29:FD:E9,2022-04-05 11:52:21,1278510,HP-Print-E9-LaserJet Pro MFP,87380326255,6,-54,6,0,,20,,,,
1518,08:02:8E:48:63:A0,2022-04-06 04:00:21,1285107,IKPB 1-1,428409344405,11,-31,11,0,,20,,,PSK,CCMP TKIP
1518,08:02:8E:48:67:C0,2022-04-06 04:00:21,1285107,IKPB G3,775248880025,1,-86,1,0,,20,,,PSK,CCMP TKIP
1518,08:02:8E:48:68:60,2022-04-06 04:00:21,1285107,IKPB 1-2,775358976411,11,-77,11,0,,20,,,PSK,CCMP TKIP
1518,08:02:8E:48:69:40,2022-04-06 04:00:21,1285107,IKPB G2,37642445189,1,-87,1,0,,any,,,PSK,CCMP TKIP
1518,08:02:8E:48:6F:C0,2022-04-06 04:00:21,1285107,IKPB G1,11617997209,1,-65,1,0,,20,,,PSK,CCMP TKIP
1518,70:6D:EC:03:10:2F,2022-04-06 04:00:21,1285107,5thApril,46048869583,11,-17,11,0,,20,,,,
1518,70:6D:EC:0D:10:58,2022-04-06 04:00:21,1285107,,241152295,11,-23,11,0,,20,,,,
1518,70:6D:EC:0D:10:59,2022-04-06 04:00:21,1285107,GSWAVEx20,241174650,11,-26,11,0,,20,,,PSK,CCMP
1518,70:6D:EC:0D:10:5A,2022-04-06 04:00:21,1285107,,241155907,11,-21,11,0,,20,,,,
1518,78:98:E8:28:47:45,2022-04-06 04:00:21,1285107,KESARKAR,540887335,11,-91,11,0,,20,,,PSK,CCMP
1518,84:D8:1B:37:7C:D3,2022-04-06 04:00:21,1285107,Bhanumati 2G_EXT,253254126670,10,-91,10,0,,any,,,PSK,TKIP CCMP
1518,8C:3B:AD:86:67:80,2022-04-06 04:00:21,1285107,IKPB 2-2,81407898011,11,-73,11,0,,20,,,PSK,CCMP TKIP
1518,8C:3B:AD:86:70:80,2022-04-06 04:00:21,1285107,IKPB 2-4,169661440390,1,-66,1,0,,20,,,PSK,CCMP TKIP
1518,8C:3B:AD:86:7B:C0,2022-04-06 04:00:21,1285107,IKPB 1-6,775248489296,1,-66,1,0,,20,,,PSK,CCMP TKIP
1518,8C:3B:AD:86:86:20,2022-04-06 04:00:21,1285107,IKPB 1-4,612481638790,1,-62,1,0,,20,,,PSK,CCMP TKIP
1518,8C:3B:AD:86:89:60,2022-04-06 04:00:21,1285107,IKPB 2-5,408136806802,1,-79,1,0,,20,,,PSK,CCMP TKIP
1518,8C:3B:AD:86:8C:A0,2022-04-06 04:00:21,1285107,IKPB 2-3,775246386094,1,-79,1,0,,20,,,PSK,CCMP TKIP
1518,8C:3B:AD:86:8D:80,2022-04-06 04:00:21,1285107,IKPB 2-6,159849065853,6,-47,6,0,,20,,,PSK,CCMP TKIP
1518,8C:3B:AD:86:94:20,2022-04-06 04:00:21,1285107,IKPB 1-3,631935724308,1,-85,1,0,,20,,,PSK,CCMP TKIP
1518,8C:3B:AD:86:98:E0,2022-04-06 04:00:21,1285107,IKPB 1-5,775249364943,1,-66,1,0,,20,,,PSK,CCMP TKIP
1518,8C:3B:AD:86:99:60,2022-04-06 04:00:21,1285107,IKPB G4,410871091588,1,-72,1,0,,20,,,PSK,CCMP TKIP
1518,A8:DA:0C:58:63:27,2022-04-06 04:00:21,1285107,kamat 2g,65923584420,3,-78,3,0,,20,,,PSK,CCMP
1518,E8:48:B8:62:12:A2,2022-04-06 04:00:21,1285107,TP-Link_12A2,65993637716,4,-85,4,0,,any,,,PSK,CCMP
1520,00:A0:0A:20:0E:F0,2022-04-05 07:11:15,1276152,JioNet,5939635,11,-73,11,0,,20,,,,
1520,00:A0:0A:22:52:50,2022-04-05 07:11:15,1276152,JioNet,5224821,6,-69,6,0,,20,,,,
1520,00:A0:0A:22:A7:90,2022-04-05 07:11:15,1276152,JioNet,8397443,6,-73,6,0,,20,,,,
1520,00:A0:0A:22:A7:91,2022-04-05 07:11:15,1276152,JioPrivateNet,8402160,6,-73,6,0,,20,,,IEEE 802.1X,CCMP
1520,00:A0:0A:23:08:50,2022-04-05 07:11:15,1276152,JioNet,5224529,1,-72,1,0,,20,,,,
1520,1C:7E:E5:5A:DA:C1,2022-04-05 07:11:15,1276152,QA-AP-1,21487542191593,6,-59,6,0,,20,,,,
1520,68:33:2C:00:06:49,2022-04-05 07:11:15,1276152,INDIO-Guest,359236945,11,-26,11,0,,20,,,,
1520,68:33:2C:00:3D:6D,2022-04-05 07:11:15,1276152,Sanity @QA -2022,63557907025,6,-41,6,0,,20,,,PSK,CCMP TKIP
1520,68:33:2C:00:3D:E1,2022-04-05 07:11:15,1276152,1x-Guest1,0,11,-28,11,0,,20,,,IEEE 802.1X IEEE 802,CCMP
1520,6A:33:2C:00:06:49,2022-04-05 07:11:15,1276152,INDIO,359239443,11,-40,11,0,,20,,,,
1520,6E:33:2C:00:06:49,2022-04-05 07:11:15,1276152,INDIO-Admin,359246512,11,-34,11,0,,20,,,,
1520,70:6D:EC:03:00:F1,2022-04-05 07:11:15,1276152,Sanity @QA -2022,62944667310,11,-49,11,0,,20,,,PSK,CCMP TKIP
1520,70:6D:EC:03:07:22,2022-04-05 07:11:15,1276152,chayatest,420133785984,6,-20,6,0,,20,,,,
1520,70:6D:EC:03:0E:48,2022-04-05 07:11:15,1276152,MAR15_2g,2732896342,4,-27,4,0,,20,,,,
1520,70:6D:EC:03:0E:E1,2022-04-05 07:11:15,1276152,PDO_SANJESH,2417605284,6,-38,6,0,,20,,,,
1520,70:6D:EC:0A:4C:20,2022-04-05 07:11:15,1276152,Vacasa Vacation Home,313377949014,11,-26,11,0,,20,,,,
1520,70:6D:EC:0A:8A:14,2022-04-05 07:11:15,1276152,,4931847271511,11,-30,11,0,,20,,,PSK,CCMP TKIP
1520,72:6D:EC:03:0E:48,2022-04-05 07:11:15,1276152,,2733056909,4,-15,4,0,,20,,,PSK,CCMP
1520,72:6D:EC:0A:4C:20,2022-04-05 07:11:15,1276152,,313377897500,11,-25,11,0,,20,,,PSK,CCMP TKIP
1520,72:6D:EC:0A:8A:14,2022-04-05 07:11:15,1276152,INDIO-cast-failover,4931847272513,11,-20,11,0,,20,,,PSK,CCMP TKIP
1520,76:6D:EC:0A:4C:20,2022-04-05 07:11:15,1276152,,313377894784,11,-26,11,0,,20,,,PSK,CCMP TKIP
1520,84:C9:B2:2A:A3:53,2022-04-05 07:11:15,1276152,QA-AP-3,17345937536550,11,-33,11,0,,20,,,PSK,TKIP
1520,C8:E7:D8:99:67:1A,2022-04-05 07:11:15,1276152,MERCUSYS_671A,432711885218,1,-74,1,0,,any,,,PSK,CCMP
1520,E8:48:B8:57:5D:30,2022-04-05 07:11:15,1276152,TP-Link_5D30,91695363898,4,-69,4,0,,20,,,PSK,CCMP
1520,E8:6F:38:29:FD:E9,2022-04-05 07:11:15,1276152,HP-Print-E9-LaserJet Pro MFP,70514634445,6,-51,6,0,,20,,,,
1520,FF:FF:FF:FF:FF:FF,2022-04-05 07:11:15,1276152,DIRECT-,2627082493,1,-63,0,0,,,,,,
1522,50:2B:73:DE:3C:58,2022-04-11 11:43:07,1339093,Abe,86834278791,6,-66,6,0,,20,,,PSK,CCMP
1522,50:2B:73:DE:3C:F8,2022-04-11 11:43:07,1339093,s2c,679012302304,5,-39,5,0,,20,,,PSK,CCMP
1522,70:6D:EC:FE:0B:ED,2022-04-11 11:43:07,1339093,REMITS_PMWANI2,119114186,10,-66,10,0,,20,,,,
1522,70:6D:EC:FE:10:8E,2022-04-11 11:43:07,1339093,REMITS_PMWANI4,108432036,1,-77,1,0,,20,,,,
1523,10:27:F5:E3:26:E8,2022-04-06 10:17:16,1288114,BBNL_O,82219572820,2,-26,2,0,,20,,,PSK,CCMP
1523,70:6D:EC:FE:0F:4A,2022-04-06 10:17:16,1288114,PDO_SANJESH,17806569636,11,-58,11,0,,20,,,,
1523,70:6D:EC:FE:14:2A,2022-04-06 10:17:16,1288114,PDO_SANJESH,17805808772,1,-65,1,0,,20,,,,
1523,70:6D:EC:FE:16:1F,2022-04-06 10:17:16,1288114,PDO_SANJESH,163940083,1,-18,1,0,,20,,,,
1524,10:27:F5:E3:26:E8,2022-04-06 10:16:18,1288108,BBNL_O,82161385427,2,-24,2,0,,20,,,PSK,CCMP
1524,70:6D:EC:FE:0F:4A,2022-04-06 10:16:18,1288108,PDO_SANJESH,17748382569,11,-58,11,0,,20,,,,
1524,70:6D:EC:FE:0F:68,2022-04-06 10:16:18,1288108,PDO_SANJESH,68415218,1,-16,1,0,,20,,,,
1524,70:6D:EC:FE:14:2A,2022-04-06 10:16:18,1288108,PDO_SANJESH,17747625171,1,-63,1,0,,20,,,,
1525,08:02:8E:48:63:A0,2022-04-06 08:32:15,1287269,IKPB 1-1,444726786882,11,-50,11,0,,20,,,PSK,CCMP TKIP
1525,70:6D:EC:04:15:50,2022-04-06 08:32:15,1287269,Worldshore Public WiFi,94726553984,7,-14,7,0,,20,,,,
1525,70:6D:EC:0D:10:58,2022-04-06 08:32:15,1287269,,12961178354,11,-27,11,0,,20,,,,
1525,70:6D:EC:0D:10:59,2022-04-06 08:32:15,1287269,GSWAVEx20,12961281890,11,-27,11,0,,20,,,PSK,CCMP
1525,70:6D:EC:0D:10:5A,2022-04-06 08:32:15,1287269,,12961283908,11,-28,11,0,,20,,,,
1525,8C:3B:AD:86:67:80,2022-04-06 08:32:15,1287269,IKPB 2-2,97725427152,11,-80,11,0,,20,,,PSK,CCMP TKIP
1525,8C:3B:AD:86:7B:C0,2022-04-06 08:32:15,1287269,IKPB 1-6,791565926812,1,-68,1,0,,20,,,PSK,CCMP TKIP
1525,8C:3B:AD:86:86:20,2022-04-06 08:32:15,1287269,IKPB 1-4,628799078857,1,-57,1,0,,20,,,PSK,CCMP TKIP
1525,8C:3B:AD:86:8D:80,2022-04-06 08:32:15,1287269,IKPB 2-6,176166605187,6,-63,6,0,,20,,,PSK,CCMP TKIP
1525,8C:3B:AD:86:98:E0,2022-04-06 08:32:15,1287269,IKPB 1-5,791566850255,1,-60,1,0,,20,,,PSK,CCMP TKIP
1525,8C:3B:AD:86:99:60,2022-04-06 08:32:15,1287269,IKPB G4,427188534399,1,-60,1,0,,20,,,PSK,CCMP TKIP
1527,9C:A3:A9:16:70:29,2022-04-06 10:01:20,1287970,IPCF39A2607589285,1655803830,1,-81,1,0,,20,,,PSK,CCMP
1527,DA:9D:57:8C:2E:11,2022-04-06 10:01:20,1287970,Free Firex20,152979306599,1,-75,1,0,0,20,0,0,PSK,CCMP
1527,E0:CB:56:A3:D7:8A,2022-04-06 10:01:20,1287970,MAS-TEL_D78A,0,1,-66,1,0,,any,,,PSK,CCMP
1528,AC:C3:3A:D6:60:7D,2022-04-06 09:49:18,1287871,AndroidAP,23245884664,6,-69,6,0,,20,,,PSK,CCMP
1528,E0:CB:56:A3:D7:8A,2022-04-06 09:49:18,1287871,MAS-TEL_D78A,0,1,-21,1,0,,any,,,PSK,CCMP
1529,0C:D2:B5:7D:32:9B,2022-04-06 09:28:14,1287688,Airtel_Zerotouch,20162560519,10,-65,10,0,,20,,,PSK,TKIP CCMP
1529,70:6D:EC:FE:11:B4,2022-04-06 09:28:14,1287688,Worldshore Public WiFi,192393338001,7,-56,7,0,,20,,,,
1529,8C:A3:99:A2:B8:67,2022-04-06 09:28:14,1287688,2G- JIO,52294458001,6,-90,6,0,,20,,,PSK,CCMP
1529,BC:62:D2:21:C9:E0,2022-04-06 09:28:14,1287688,Rohas,21172958649,3,-63,3,0,,any,,,PSK,TKIP CCMP
1529,BC:62:D2:25:94:E0,2022-04-06 09:28:14,1287688,DD_Worldshore,941576334409,2,-27,2,0,,any,,,PSK,TKIP CCMP
1529,BC:62:D2:85:66:68,2022-04-06 09:28:14,1287688,Angel Home Care Service,15083008405,7,-77,7,0,,any,,,PSK,TKIP CCMP
1529,E4:C3:2A:D9:15:22,2022-04-06 09:28:14,1287688,Networkz 2.4G,8180224427,2,-86,2,0,,any,,,PSK,CCMP
1529,EC:1A:59:17:77:9D,2022-04-06 09:28:14,1287688,xmindsinfo,187206554574,11,-55,11,0,,any,,,PSK,CCMP
1530,0C:D2:B5:7D:32:9B,2022-04-06 09:47:16,1287853,Airtel_Zerotouch,21305226903,10,-47,10,0,,20,,,PSK,TKIP CCMP
1530,BC:62:D2:25:94:E0,2022-04-06 09:47:16,1287853,DD_Worldshore,942719172857,2,-21,2,0,,any,,,PSK,TKIP CCMP
1530,BC:62:D2:E6:2F:B1,2022-04-06 09:47:16,1287853,InterCAD Systems Pvt Ltd (4G),16777728657,11,-82,11,0,,any,,,PSK,TKIP CCMP
1531,02:7D:BF:BF:62:8F,2022-04-06 10:34:17,1288280,,944482099200,11,-101,11,0,0,20,0,0,PSK,CCMP
1531,04:95:E6:06:93:A0,2022-04-06 10:34:17,1288280,RAMKARAN JI,45166387582,5,-72,5,0,,20,,,PSK,CCMP
1531,04:95:E6:94:EF:B8,2022-04-06 10:34:17,1288280,Tenda_94EFB8,332390605191,5,-60,5,0,,20,,,PSK,CCMP
1531,44:95:3B:01:9A:60,2022-04-06 10:34:17,1288280,MAHESH RIPOTAR,13266716129,3,-29,3,0,,20,,,PSK,CCMP
1531,62:A7:87:49:40:BB,2022-04-06 10:34:17,1288280,vivo 1806,38680614141,11,-85,11,0,0,20,0,0,PSK,CCMP
1531,7C:A9:6B:A6:E7:C7,2022-04-06 10:34:17,1288280,RAJESH JI CA,292198858,5,-77,5,0,,any,,,PSK,CCMP
1531,E4:46:DA:02:AA:2F,2022-04-06 10:34:17,1288280,Deepika,16399776678,6,-79,6,0,,20,,,,
1532,08:02:8E:48:6F:C0,2022-04-06 10:02:17,1287979,IKPB G1,33336013189,1,-60,1,0,,20,,,PSK,CCMP TKIP
1532,70:6D:EC:03:10:2F,2022-04-06 10:02:17,1287979,KTM 2022 Worldshore,5546507136,6,-18,6,0,,20,,,,
1532,70:6D:EC:0D:10:58,2022-04-06 10:02:17,1287979,,18361958697,11,-35,11,0,,20,,,,
1532,70:6D:EC:0D:10:59,2022-04-06 10:02:17,1287979,GSWAVEx20,18361960292,11,-28,11,0,,20,,,PSK,CCMP
1532,70:6D:EC:0D:10:5A,2022-04-06 10:02:17,1287979,,18361962310,11,-25,11,0,,20,,,,
1532,8C:3B:AD:86:7B:C0,2022-04-06 10:02:17,1287979,IKPB 1-6,796966615293,1,-58,1,0,,20,,,PSK,CCMP TKIP
1532,8C:3B:AD:86:86:20,2022-04-06 10:02:17,1287979,IKPB 1-4,634199761276,1,-65,1,0,,20,,,PSK,CCMP TKIP
1532,8C:3B:AD:86:8D:80,2022-04-06 10:02:17,1287979,IKPB 2-6,181567285455,6,-59,6,0,,20,,,PSK,CCMP TKIP
1532,8C:3B:AD:86:98:E0,2022-04-06 10:02:17,1287979,IKPB 1-5,796967565703,1,-58,1,0,,20,,,PSK,CCMP TKIP
1532,8C:3B:AD:86:99:60,2022-04-06 10:02:17,1287979,IKPB G4,432589209988,1,-72,1,0,,20,,,PSK,CCMP TKIP
1533,00:04:EA:1E:3C:79,2022-04-07 04:41:17,1296148,DIRECT-AA-HP DeskJet 2600 series,1866312340,6,-49,6,0,,20,,,PSK,CCMP
1533,08:02:8E:48:63:A0,2022-04-07 04:41:17,1296148,IKPB 1-1,517266024456,11,-35,11,0,,20,,,PSK,CCMP TKIP
1533,08:02:8E:48:68:60,2022-04-07 04:41:17,1296148,IKPB 1-2,864215655445,11,-59,11,0,,20,,,PSK,CCMP TKIP
1533,08:02:8E:48:69:40,2022-04-07 04:41:17,1296148,IKPB G2,126499266939,1,-79,1,0,,any,,,PSK,CCMP TKIP
1533,70:6D:EC:03:10:2F,2022-04-07 04:41:17,1296148,KTM 2022 Worldshore,72686182784,6,-2,6,0,,20,,,,
1533,70:6D:EC:0D:10:58,2022-04-07 04:41:17,1296148,,85501645149,11,-26,11,0,,20,,,,
1533,70:6D:EC:0D:10:59,2022-04-07 04:41:17,1296148,GSWAVEx20,85501610533,11,-25,11,0,,20,,,PSK,CCMP
1533,84:D8:1B:37:7C:D3,2022-04-07 04:41:17,1296148,Bhanumati 2G_EXT,342111440315,10,-83,10,0,,any,,,PSK,TKIP CCMP
1533,8C:3B:AD:86:67:80,2022-04-07 04:41:17,1296148,IKPB 2-2,170264679736,11,-76,11,0,,20,,,PSK,CCMP TKIP
1533,8C:3B:AD:86:70:80,2022-04-07 04:41:17,1296148,IKPB 2-4,258518221408,1,-60,1,0,,20,,,PSK,CCMP TKIP
1533,8C:3B:AD:86:86:20,2022-04-07 04:41:17,1296148,IKPB 1-4,701338629061,1,-61,1,0,,20,,,PSK,CCMP TKIP
1533,8C:3B:AD:86:8D:80,2022-04-07 04:41:17,1296148,IKPB 2-6,248706048399,6,-52,6,0,,20,,,PSK,CCMP TKIP
1533,8C:3B:AD:86:94:20,2022-04-07 04:41:17,1296148,IKPB 1-3,720792475517,1,-76,1,0,,20,,,PSK,CCMP TKIP
1533,8C:3B:AD:86:98:E0,2022-04-07 04:41:17,1296148,IKPB 1-5,864105897527,1,-64,1,0,,20,,,PSK,CCMP TKIP
1534,44:95:3B:01:9A:60,2022-04-07 15:45:20,1301692,MAHESH RIPOTAR,118329827361,3,-13,3,0,,20,,,PSK,CCMP
1534,86:D2:C7:BF:B1:D7,2022-04-07 15:45:20,1301692,vivo Y21e,22704128000,11,-19,11,0,0,20,0,0,PSK,CCMP
1534,9E:EA:0E:AF:B0:B5,2022-04-07 15:45:20,1301692,V2040,2055481255104,1,-79,1,0,0,20,0,0,PSK,CCMP
1536,00:04:EA:1E:3C:79,2022-04-07 05:53:18,1296771,DIRECT-AA-HP DeskJet 2600 series,6186483936,6,-43,6,0,,20,,,PSK,CCMP
1536,08:02:8E:48:63:A0,2022-04-07 05:53:18,1296771,IKPB 1-1,521586278854,11,-35,11,0,,20,,,PSK,CCMP TKIP
1536,08:02:8E:48:68:60,2022-04-07 05:53:18,1296771,IKPB 1-2,868535910813,11,-69,11,0,,20,,,PSK,CCMP TKIP
1536,08:02:8E:48:6F:C0,2022-04-07 05:53:18,1296771,IKPB G1,104795136411,1,-64,1,0,,20,,,PSK,CCMP TKIP
1536,70:6D:EC:03:10:2F,2022-04-07 05:53:18,1296771,INDIO_TEST,1465899150,6,-5,6,0,,20,,,,
1536,70:6D:EC:0D:10:58,2022-04-07 05:53:18,1296771,,89821902624,11,-25,11,0,,20,,,,
1536,70:6D:EC:0D:10:59,2022-04-07 05:53:18,1296771,GSWAVEx20,89821940490,11,-35,11,0,,20,,,PSK,CCMP
1536,70:6D:EC:0D:10:5A,2022-04-07 05:53:18,1296771,,89821906237,11,-25,11,0,,20,,,,
1536,78:98:E8:28:47:45,2022-04-07 05:53:18,1296771,KESARKAR,9308405457,11,-79,11,0,,20,,,PSK,CCMP
1536,8C:3B:AD:86:67:80,2022-04-07 05:53:18,1296771,IKPB 2-2,174584832408,11,-75,11,0,,20,,,PSK,CCMP TKIP
1536,8C:3B:AD:86:70:80,2022-04-07 05:53:18,1296771,IKPB 2-4,262838375860,1,-71,1,0,,20,,,PSK,CCMP TKIP
1536,8C:3B:AD:86:7B:C0,2022-04-07 05:53:18,1296771,IKPB 1-6,868425216389,1,-60,1,0,,20,,,PSK,CCMP TKIP
1536,8C:3B:AD:86:8C:A0,2022-04-07 05:53:18,1296771,IKPB 2-3,868423373210,1,-80,1,0,,20,,,PSK,CCMP TKIP
1536,8C:3B:AD:86:8D:80,2022-04-07 05:53:18,1296771,IKPB 2-6,253026406802,6,-45,6,0,,20,,,PSK,CCMP TKIP
1536,8C:3B:AD:86:98:E0,2022-04-07 05:53:18,1296771,IKPB 1-5,868426240389,1,-70,1,0,,20,,,PSK,CCMP TKIP
1536,8C:3B:AD:86:99:60,2022-04-07 05:53:18,1296771,IKPB G4,504047821201,1,-69,1,0,,20,,,PSK,CCMP TKIP
1538,00:04:EA:1E:3C:79,2022-04-07 06:41:16,1297150,DIRECT-AA-HP DeskJet 2600 series,9065750585,6,-63,6,0,,20,,,PSK,CCMP
1538,08:02:8E:48:63:A0,2022-04-07 06:41:16,1297150,IKPB 1-1,524465562001,11,-51,11,0,,20,,,PSK,CCMP TKIP
1538,70:6D:EC:04:15:50,2022-04-07 06:41:16,1297150,Connectiong India,3114625387,1,-9,1,0,,20,,,,
1538,70:6D:EC:0D:10:58,2022-04-07 06:41:16,1297150,,92701287991,11,-23,11,0,,20,,,,
1538,70:6D:EC:0D:10:59,2022-04-07 06:41:16,1297150,GSWAVEx20,92701252370,11,-27,11,0,,20,,,PSK,CCMP
1538,70:6D:EC:0D:10:5A,2022-04-07 06:41:16,1297150,,92701187932,11,-28,11,0,,20,,,,
1538,8C:3B:AD:86:70:80,2022-04-07 06:41:16,1297150,IKPB 2-4,265717761979,1,-73,1,0,,20,,,PSK,CCMP TKIP
1538,8C:3B:AD:86:7B:C0,2022-04-07 06:41:16,1297150,IKPB 1-6,1364889996,11,-70,11,0,,20,,,PSK,CCMP TKIP
1538,8C:3B:AD:86:86:20,2022-04-07 06:41:16,1297150,IKPB 1-4,708538165797,1,-59,1,0,,20,,,PSK,CCMP TKIP
1538,8C:3B:AD:86:8D:80,2022-04-07 06:41:16,1297150,IKPB 2-6,255905590518,6,-60,6,0,,20,,,PSK,CCMP TKIP
1538,8C:3B:AD:86:98:E0,2022-04-07 06:41:16,1297150,IKPB 1-5,871305485066,1,-67,1,0,,20,,,PSK,CCMP TKIP
1541,14:A3:2F:19:3C:37,2022-04-07 07:35:16,1297597,Sparsa_PMI,8916405698,5,-92,5,0,,20,,,PSK,CCMP
1541,54:47:E8:5D:87:4D,2022-04-07 07:35:16,1297597,FTTH-874D,12153393722,5,-51,5,0,,20,,,PSK,CCMP
1541,58:D7:59:32:97:88,2022-04-07 07:35:16,1297597,Remits1,6259178941,11,-29,11,0,,20,,,PSK,CCMP
1541,5C:EA:1D:4A:DA:1C,2022-04-07 07:35:16,1297597,HP-Print-1C-LaserJet Pro MFP,112495701865,11,-53,11,0,,20,,,PSK,TKIP CCMP
1541,64:66:B3:41:F6:C4,2022-04-07 07:35:16,1297597,TP-LINK_41F6C4,7825851719,11,-58,11,0,,any,,,PSK,CCMP
1541,70:6D:EC:FE:0D:01,2022-04-07 07:35:16,1297597,REMITS_PMWANI2.4GHz,12165321046,1,-52,1,0,,20,,,,
1541,7C:A9:6B:07:C8:50,2022-04-07 07:35:16,1297597,Remits,1117039085,6,-48,6,0,,any,,,PSK,CCMP
1541,A8:9D:D2:10:75:F8,2022-04-07 07:35:16,1297597,SAICON5,112496009597,11,-57,11,0,,20,,,,
1541,A8:A7:95:B9:2C:A7,2022-04-07 07:35:16,1297597,HP-Print-A7-LaserJet Pro MFP,11714668661,1,-61,1,0,,20,,,,
1541,B2:22:7A:53:DD:88,2022-04-07 07:35:16,1297597,DIRECT-88-HP Laser 136w,12134818639,1,-86,1,0,,20,,,PSK,CCMP
1543,B4:B0:24:84:2B:2A,2022-04-11 02:50:17,1335192,Basherullah general Storex20,203823789,2,-56,2,0,,any,,,PSK,CCMP
1544,54:47:E8:5D:87:4D,2022-04-11 04:32:16,1335927,FTTH-874D,114073998,5,-50,5,0,,any,,,PSK,CCMP
1544,64:6D:6C:73:5D:D8,2022-04-11 04:32:16,1335927,CTECH,2571328992820,1,-86,1,0,,any,,,PSK,TKIP CCMP
1544,74:DA:DA:DB:6A:4F,2022-04-11 04:32:16,1335927,GABA INVESTMENT CONSULTANTS,432261427600,5,-92,5,0,,20,,,PSK,TKIP CCMP
1544,7C:A9:6B:07:C8:50,2022-04-11 04:32:16,1335927,Remits,126525812,6,-49,6,0,,any,,,PSK,CCMP
1544,80:07:1B:7E:66:3D,2022-04-11 04:32:16,1335927,Gurmeet Singh 2.4,486931456389,8,-84,8,0,,20,,,PSK,TKIP CCMP
1544,A8:9D:D2:10:75:F8,2022-04-11 04:32:16,1335927,SAICON5,447112499512,11,-60,11,0,,20,,,,
1544,B2:22:7A:53:DD:88,2022-04-11 04:32:16,1335927,DIRECT-88-HP Laser 136w,64688337,1,-34,1,0,,20,,,PSK,CCMP
1544,BE:FB:E4:17:96:6A,2022-04-11 04:32:16,1335927,Drawing-Room-2G,955605005184,1,-91,1,0,,20,,,PSK FT/PSK,CCMP
1544,F8:C4:F3:35:13:60,2022-04-11 04:32:16,1335927,INSURG,4573509634185,2,-75,2,0,,any,,,PSK,TKIP CCMP
1544,F8:C4:F3:3F:3A:58,2022-04-11 04:32:16,1335927,Airtel_9899372907,1953514507,1,-58,1,0,,any,,,PSK,TKIP CCMP
1546,00:04:EA:1E:3C:79,2022-04-07 10:51:01,1299205,DIRECT-AA-HP DeskJet 2600 series,24050815005,6,-66,6,0,,20,,,PSK,CCMP
1546,08:02:8E:48:63:A0,2022-04-07 10:51:01,1299205,IKPB 1-1,539450470797,11,-47,11,0,,20,,,PSK,CCMP TKIP
1546,08:02:8E:48:68:60,2022-04-07 10:51:01,1299205,IKPB 1-2,886400102808,11,-69,11,0,,20,,,PSK,CCMP TKIP
1546,70:6D:EC:04:15:50,2022-04-07 10:51:01,1299205,Connectiong India,18099726536,1,-15,1,0,,20,,,,
1546,70:6D:EC:0D:10:58,2022-04-07 10:51:01,1299205,,107686502755,11,-36,11,0,,20,,,,
1546,70:6D:EC:0D:10:59,2022-04-07 10:51:01,1299205,GSWAVEx20,107686504349,11,-38,11,0,,20,,,PSK,CCMP
1546,70:6D:EC:0D:10:5A,2022-04-07 10:51:01,1299205,,107686506367,11,-38,11,0,,20,,,,
1546,8C:3B:AD:86:67:80,2022-04-07 10:51:01,1299205,IKPB 2-2,192449160646,11,-81,11,0,,20,,,PSK,CCMP TKIP
1546,8C:3B:AD:86:70:80,2022-04-07 10:51:01,1299205,IKPB 2-4,280702771588,1,-77,1,0,,20,,,PSK,CCMP TKIP
1546,8C:3B:AD:86:7B:C0,2022-04-07 10:51:01,1299205,IKPB 1-6,16349798789,11,-77,11,0,,20,,,PSK,CCMP TKIP
1546,8C:3B:AD:86:8D:80,2022-04-07 10:51:01,1299205,IKPB 2-6,5720473997,6,-65,6,0,,20,,,PSK,CCMP TKIP
1546,8C:3B:AD:86:98:E0,2022-04-07 10:51:01,1299205,IKPB 1-5,886290441438,1,-69,1,0,,20,,,PSK,CCMP TKIP
1546,8C:3B:AD:86:99:60,2022-04-07 10:51:01,1299205,IKPB G4,521912020687,1,-67,1,0,,20,,,PSK,CCMP TKIP
1547,08:02:8E:48:63:A0,2022-04-09 10:00:18,1318902,IKPB 1-1,644405773816,11,-39,11,0,,20,,,PSK,CCMP TKIP
1547,08:02:8E:48:68:60,2022-04-09 10:00:18,1318902,IKPB 1-2,1034554005067,11,-56,11,0,,20,,,PSK,CCMP TKIP
1547,08:02:8E:48:6F:C0,2022-04-09 10:00:18,1318902,IKPB G1,111607606980,1,-54,1,0,,20,,,PSK,CCMP TKIP
1547,70:6D:EC:0D:10:58,2022-04-09 10:00:18,1318902,,57561190661,11,-28,11,0,,20,,,,
1547,70:6D:EC:0D:10:59,2022-04-09 10:00:18,1318902,GSWAVEx20,57561237141,11,-32,11,0,,20,,,PSK,CCMP
1547,70:6D:EC:0D:10:5A,2022-04-09 10:00:18,1318902,,57560994916,11,-30,11,0,,20,,,,
1547,8C:3B:AD:86:7B:C0,2022-04-09 10:00:18,1318902,IKPB 1-6,78105125766,11,-62,11,0,,20,,,PSK,CCMP TKIP
1547,8C:3B:AD:86:86:20,2022-04-09 10:00:18,1318902,IKPB 1-4,893276896104,1,-63,1,0,,20,,,PSK,CCMP TKIP
1547,8C:3B:AD:86:89:60,2022-04-09 10:00:18,1318902,IKPB 2-5,688930723385,1,-70,1,0,,20,,,PSK,CCMP TKIP
1547,8C:3B:AD:86:8C:A0,2022-04-09 10:00:18,1318902,IKPB 2-3,97903558107,6,-88,6,0,,20,,,PSK,CCMP TKIP
1547,8C:3B:AD:86:8D:80,2022-04-09 10:00:18,1318902,IKPB 2-6,175474381196,6,-54,6,0,,20,,,PSK,CCMP TKIP
1547,8C:3B:AD:86:98:E0,2022-04-09 10:00:18,1318902,IKPB 1-5,1056043296802,1,-65,1,0,,20,,,PSK,CCMP TKIP
1547,CA:E7:DA:D1:82:C5,2022-04-09 10:00:18,1318902,LISTY 1314,111494047,11,-67,11,0,,20,,,PSK,CCMP
1548,00:A0:0A:22:52:51,2022-04-08 07:46:19,1308258,JioPrivateNet,4828683,11,-75,11,0,,20,,,IEEE 802.1X,CCMP
1548,1C:7E:E5:5A:DA:C1,2022-04-08 07:46:19,1308258,QA-AP-1,21748848142693,6,-59,6,0,,20,,,,
1548,62:33:2C:00:06:49,2022-04-08 07:46:19,1308258,PARLE_12,2351677441,6,-34,6,0,,20,,,,
1548,66:33:2C:00:06:49,2022-04-08 07:46:19,1308258,,2351697921,6,-46,6,0,,20,,,,
1548,68:33:2C:00:06:49,2022-04-08 07:46:19,1308258,VLAN200_Parle,2351820801,6,-25,6,0,,20,,,,
1548,68:33:2C:00:3D:6D,2022-04-08 07:46:19,1308258,ap_bulk_import_test,5002752001,6,-31,6,0,,20,,,PSK,CCMP TKIP
1548,68:33:2C:00:3D:E1,2022-04-08 07:46:19,1308258,1x-Guest1,0,11,-43,11,0,,20,,,IEEE 802.1X IEEE 802,CCMP
1548,68:33:2C:00:41:E5,2022-04-08 07:46:19,1308258,ap_bulk_import_test,4998772191,1,-57,1,0,,20,,,PSK,CCMP TKIP
1548,6A:33:2C:00:06:49,2022-04-08 07:46:19,1308258,Bridged_SSID_325AC,2351738881,6,-38,6,0,,20,,,,
1548,6E:33:2C:00:06:49,2022-04-08 07:46:19,1308258,PARLE_192,2351760159,6,-33,6,0,,20,,,,
1548,70:6D:EC:02:15:7E,2022-04-08 07:46:19,1308258,ap_bulk_import_test,4962597909,6,-32,6,0,,20,,,PSK,CCMP TKIP
1548,70:6D:EC:03:00:F1,2022-04-08 07:46:19,1308258,Sanity @QA -2022,324246143392,11,-37,11,0,,20,,,PSK,CCMP TKIP
1548,70:6D:EC:03:0E:48,2022-04-08 07:46:19,1308258,MAR15_2g,89678546261,1,-40,1,0,,any,,,,
1548,70:6D:EC:0A:4C:20,2022-04-08 07:46:19,1308258,Vacasa Vacation Home,95878246784,1,-38,1,0,,20,,,,
1548,70:6D:EC:0A:7E:E6,2022-04-08 07:46:19,1308258,Captivet-Guest23,1902387584,1,-48,1,0,,20,,,PSK PSK/SHA-256,CCMP
1548,70:6D:EC:0A:8A:14,2022-04-08 07:46:19,1308258,,5193148534542,11,-33,11,0,,20,,,PSK,CCMP TKIP
1548,70:6D:EC:FE:01:FD,2022-04-08 07:46:19,1308258,SSID-01,261375408739,6,-26,6,0,,20,,,PSK,CCMP TKIP
1548,70:6D:EC:FE:0D:40,2022-04-08 07:46:19,1308258,ssid-05,118079877,1,-45,1,0,,20,,,PSK,CCMP
1548,72:6D:EC:03:0E:48,2022-04-08 07:46:19,1308258,,89678542712,1,-39,1,0,,any,,,PSK,CCMP
1548,72:6D:EC:0A:4C:20,2022-04-08 07:46:19,1308258,,95878246784,1,-37,1,0,,20,,,PSK,CCMP TKIP
1548,72:6D:EC:0A:7E:E6,2022-04-08 07:46:19,1308258,CaptiveTest-Private23,1902398621,1,-55,1,0,,20,,,PSK PSK/SHA-256,CCMP
1548,72:6D:EC:0A:83:30,2022-04-08 07:46:19,1308258,INDIO-cast-failover,252749826369,1,-46,1,0,,20,,,PSK,CCMP TKIP
1548,72:6D:EC:0A:8A:14,2022-04-08 07:46:19,1308258,INDIO-cast-failover,5193148532064,11,-32,11,0,,20,,,PSK,CCMP TKIP
1548,72:6D:EC:0B:09:8F,2022-04-08 07:46:19,1308258,INDIO,616551410,1,-74,1,0,,20,,,,
1548,72:6D:EC:FE:0D:40,2022-04-08 07:46:19,1308258,,118195584,1,-46,1,0,,20,,,PSK,CCMP
1548,76:6D:EC:0A:4C:20,2022-04-08 07:46:19,1308258,,95878246784,1,-29,1,0,,20,,,PSK,CCMP TKIP
1548,84:C9:B2:2A:A3:53,2022-04-08 07:46:19,1308258,QA-AP-3,17607241822463,11,-47,11,0,,20,,,PSK,TKIP
1548,C8:E7:D8:99:67:1A,2022-04-08 07:46:19,1308258,MERCUSYS_671A,5267145417,3,-74,3,0,,any,,,PSK,CCMP
1548,E8:6F:38:29:FD:E9,2022-04-08 07:46:19,1308258,HP-Print-E9-LaserJet Pro MFP,331817341968,6,-56,6,0,,20,,,,
1548,F8:5E:3C:24:D6:36,2022-04-08 07:46:19,1308258,5G-WIFI-GUEST,411444177,1,-53,1,0,,20,,,,
1548,FA:5E:3C:24:D6:36,2022-04-08 07:46:19,1308258,5G-WIFI-PRIVATE,411248451,1,-63,1,0,,20,,,PSK,CCMP TKIP
1549,94:FE:22:FC:23:D7,2022-04-11 04:25:18,1335873,HUAWEI-B315-23D7,3744066371,11,-93,11,0,,20,,,PSK,CCMP
1549,A0:47:D7:1E:F6:50,2022-04-11 04:25:18,1335873,BARODRA UP BANK,19540644170,6,-25,6,0,,any,,,PSK,CCMP
1550,00:A0:0A:22:52:50,2022-04-08 11:49:18,1310016,JioNet,9626347,11,-66,11,0,,20,,,,
1550,00:A0:0A:23:08:51,2022-04-08 11:49:18,1310016,JioPrivateNet,1538695,6,-75,6,0,,20,,,IEEE 802.1X,CCMP
1550,1C:7E:E5:5A:DA:C1,2022-04-08 11:49:18,1310016,QA-AP-1,21763427684497,6,-57,6,0,,20,,,,
1550,5C:A6:E6:E7:D0:74,2022-04-08 11:49:18,1310016,VARAD PROPERTYx20,19837637805,9,-64,9,0,,any,,,PSK,CCMP
1550,70:6D:EC:02:15:7E,2022-04-08 11:49:18,1310016,ap_bulk_import_test,864462065,11,-33,11,0,,20,,,PSK,CCMP TKIP
1550,70:6D:EC:03:00:F1,2022-04-08 11:49:18,1310016,Sanity @QA -2022,338825527197,11,-36,11,0,,20,,,PSK,CCMP TKIP
1550,70:6D:EC:03:0E:48,2022-04-08 11:49:18,1310016,MAR15_2g,104257536384,1,-31,1,0,,any,,,,
1550,70:6D:EC:0A:4C:20,2022-04-08 11:49:18,1310016,Vacasa Vacation Home,110457584007,1,-39,1,0,,20,,,,
1550,70:6D:EC:0A:83:30,2022-04-08 11:49:18,1310016,,267329229184,1,-40,1,0,,20,,,PSK,CCMP TKIP
1550,70:6D:EC:0A:8A:14,2022-04-08 11:49:18,1310016,,5207727731797,11,-36,11,0,,20,,,PSK,CCMP TKIP
1550,70:6D:EC:0D:11:34,2022-04-08 11:49:18,1310016,INDIO-Guest,3614511130,1,-29,1,0,,20,,,,
1550,70:6D:EC:0D:11:35,2022-04-08 11:49:18,1310016,INDIO,3614511412,1,-29,1,0,,20,,,PSK,CCMP
1550,70:6D:EC:0D:11:36,2022-04-08 11:49:18,1310016,INDIO-Admin,3614508073,1,-28,1,0,,20,,,PSK,CCMP
1550,70:6D:EC:FE:01:FD,2022-04-08 11:49:18,1310016,SSID-01,275954845739,6,-27,6,0,,20,,,PSK,CCMP TKIP
1550,72:6D:EC:03:0E:48,2022-04-08 11:49:18,1310016,,104257536384,1,-30,1,0,,any,,,PSK,CCMP
1550,72:6D:EC:0A:4C:20,2022-04-08 11:49:18,1310016,,110457651585,1,-29,1,0,,20,,,PSK,CCMP TKIP
1550,72:6D:EC:0A:83:30,2022-04-08 11:49:18,1310016,INDIO-cast-failover,267329175094,1,-48,1,0,,20,,,PSK,CCMP TKIP
1550,72:6D:EC:0A:8A:14,2022-04-08 11:49:18,1310016,INDIO-cast-failover,5207727837016,11,-30,11,0,,20,,,PSK,CCMP TKIP
1550,72:6D:EC:FE:0D:40,2022-04-08 11:49:18,1310016,WiFiSoft-SmartAP,943641984,11,-37,11,0,,20,,,PSK,CCMP
1550,76:6D:EC:0A:4C:20,2022-04-08 11:49:18,1310016,,110457651915,1,-39,1,0,,20,,,PSK,CCMP TKIP
1550,76:6D:EC:FE:0D:40,2022-04-08 11:49:18,1310016,WiFiSoft-Admin,943667584,11,-44,11,0,,20,,,PSK,CCMP
1550,84:C9:B2:2A:A3:53,2022-04-08 11:49:18,1310016,QA-AP-3,17621821364215,11,-39,11,0,,20,,,PSK,TKIP
1550,C8:E7:D8:99:67:1A,2022-04-08 11:49:18,1310016,MERCUSYS_671A,19846554027,3,-81,3,0,,any,,,PSK,CCMP
1550,CA:54:EA:73:1A:81,2022-04-08 11:49:18,1310016,x00x00x00x00x00x00,44478575328360967,6,-57,6,0,,20,,,PSK 00-0f-ac:8,CCMP
1550,E8:6F:38:29:FD:E9,2022-04-08 11:49:18,1310016,HP-Print-E9-LaserJet Pro MFP,346396867222,6,-60,6,0,,20,,,,
1550,F6:BA:AC:F5:F9:21,2022-04-08 11:49:18,1310016,Xiaomi 11i HyperCharge,141506315,11,-63,11,0,0,20,0,0,PSK,CCMP
1550,F8:5E:3C:24:D6:36,2022-04-08 11:49:18,1310016,5G-WIFI-GUEST,9872696502,1,-61,1,0,,20,,,,
1550,FA:5E:3C:24:D6:36,2022-04-08 11:49:18,1310016,5G-WIFI-PRIVATE,9872691861,1,-62,1,0,,20,,,PSK,CCMP TKIP
1554,0C:80:63:E4:8E:FB,2022-04-09 06:42:25,1317437,Darpann 2.4G,1613375632326,6,-84,6,0,,any,,,PSK,CCMP TKIP
1554,40:B8:9A:1E:A7:53,2022-04-09 06:42:25,1317437,HP-Print-53-LaserJet Pro MFP,2406339559983,1,-78,1,0,,20,,,,
1554,50:2B:73:44:F2:A1,2022-04-09 06:42:25,1317437,Yash,109714432047,6,-81,6,0,,20,,,PSK,CCMP
1554,54:47:E8:5D:87:4D,2022-04-09 06:42:25,1317437,FTTH-874D,9353972327,5,-32,5,0,,20,,,PSK,CCMP
1554,58:D7:59:32:97:88,2022-04-09 06:42:25,1317437,Remits1,9583600209,11,-33,11,0,,20,,,PSK,CCMP
1554,5C:EA:1D:4A:DA:1C,2022-04-09 06:42:25,1317437,HP-Print-1C-LaserJet Pro MFP,282120632386,11,-45,11,0,,20,,,PSK,TKIP CCMP
1554,68:33:2C:00:3F:95,2022-04-09 06:42:25,1317437,REMITS_PMWANI2.4GHz,9565850238,1,-17,1,0,,20,,,,
1554,74:DA:DA:DB:6A:4F,2022-04-09 06:42:25,1317437,GABA INVESTMENT CONSULTANTS,267269428423,5,-57,5,0,,20,,,PSK,TKIP CCMP
1554,7C:A9:6B:07:C8:50,2022-04-09 06:42:25,1317437,Remits,9571186947,6,-40,6,0,,any,,,PSK,CCMP
1554,A8:9D:D2:10:75:F8,2022-04-09 06:42:25,1317437,SAICON5,282121432167,11,-45,11,0,,20,,,,
1554,B2:22:7A:53:DD:88,2022-04-09 06:42:25,1317437,DIRECT-88-HP Laser 136w,7919955618,1,-43,1,0,,20,,,PSK,CCMP
1554,F8:C4:F3:2A:A7:00,2022-04-09 06:42:25,1317437,Jai Mata Di,2166752881892,11,-69,11,0,,any,,,PSK,TKIP CCMP
1554,F8:C4:F3:35:13:60,2022-04-09 06:42:25,1317437,INSURG,4408518861182,2,-59,2,0,,any,,,PSK,TKIP CCMP
1554,F8:C4:F3:35:13:61,2022-04-09 06:42:25,1317437,Airtel_1,4408518861182,2,-71,2,0,,any,,,PSK,TKIP CCMP
1554,F8:C4:F3:3B:DC:A0,2022-04-09 06:42:25,1317437,united travels,439095501182,11,-71,11,0,,any,,,PSK,TKIP CCMP
1554,F8:C4:F3:3F:3A:58,2022-04-09 06:42:25,1317437,Airtel_9899372907,9348505982,1,-49,1,0,,any,,,PSK,TKIP CCMP
1556,54:47:E8:07:EF:6F,2022-04-10 04:19:16,1326235,FTTH-EF6F,5065389891,1,-26,1,0,,20,,,PSK,CCMP
1556,7C:A9:6B:D9:A0:31,2022-04-10 04:19:16,1326235,HGW-D9A030,4233867655004,11,-85,11,0,,any,,,PSK,CCMP
1557,04:95:E6:14:C3:C8,2022-04-10 05:55:17,1326928,MAMA JI,28416000830,1,-84,1,0,,20,,,PSK,CCMP
1557,54:47:E8:07:EF:6F,2022-04-10 05:55:17,1326928,FTTH-EF6F,10825915469,1,-21,1,0,,20,,,PSK,CCMP
1557,5C:EA:1D:3A:E2:88,2022-04-10 05:55:17,1326928,HP-Print-88-LaserJet Pro MFP,413174478448,6,-78,6,0,,20,,,PSK,TKIP CCMP
1557,7C:A9:6B:D9:A0:31,2022-04-10 05:55:17,1326928,HGW-D9A030,4239628187489,11,-69,11,0,,any,,,PSK,CCMP
